game,from_frame,to_frame,fen
19,00001,00001,rnbqkbnr/pppppppp/8/8/3P4/8/PPP1PPPP/RNBQKBNR
19,00002,00002,rnbqkbnr/ppp1pppp/8/3p4/3P4/8/PPP1PPPP/RNBQKBNR
19,00003,00003,rnbqkbnr/ppp1pppp/8/3p4/2PP4/8/PP2PPPP/RNBQKBNR
19,00004,00004,rnbqkbnr/ppp1pppp/8/8/2pP4/8/PP2PPPP/RNBQKBNR
19,00005,00005,rnbqkbnr/ppp1pppp/8/8/2pP4/2N5/PP2PPPP/R1BQKBNR
19,00006,00006,rnbqkb1r/ppp1pppp/5n2/8/2pP4/2N5/PP2PPPP/R1BQKBNR
19,00007,00007,rnbqkb1r/ppp1pppp/5n2/8/2pPP3/2N5/PP3PPP/R1BQKBNR
19,00008,00008,r1bqkb1r/ppp1pppp/2n2n2/8/2pPP3/2N5/PP3PPP/R1BQKBNR
19,00009,00009,r1bqkb1r/ppp1pppp/2n2n2/8/2BPP3/2N5/PP3PPP/R1BQK1NR
19,00010,00010,r1bqkb1r/ppp2ppp/2n2n2/4p3/2BPP3/2N5/PP3PPP/R1BQK1NR
19,00011,00011,r1bqkb1r/ppp2ppp/2n2n2/4p3/2BPP3/2N2N2/PP3PPP/R1BQK2R
19,00012,00012,r2qkb1r/ppp2ppp/2n2n2/4p3/2BPP1b1/2N2N2/PP3PPP/R1BQK2R
19,00013,00013,r2qkb1r/ppp2ppp/2n2n2/4P3/2B1P1b1/2N2N2/PP3PPP/R1BQK2R
19,00014,00014,r3kb1r/ppp2ppp/2n2n2/4P3/2B1P1b1/2N2N2/PP3PPP/R1BqK2R
19,00015,00015,r3kb1r/ppp2ppp/2n2n2/4P3/2B1P1b1/5N2/PP3PPP/R1BNK2R
19,00016,00016,r3kb1r/ppp2ppp/2n5/4P3/2B1n1b1/5N2/PP3PPP/R1BNK2R
19,00017,00017,r3kb1r/ppp2ppp/2n5/1B2P3/4n1b1/5N2/PP3PPP/R1BNK2R
19,00018,00018,r3kb1r/pppb1ppp/2n5/1B2P3/4n3/5N2/PP3PPP/R1BNK2R
19,00019,00019,r3kb1r/pppb1ppp/2n5/1B2P3/4nB2/5N2/PP3PPP/R2NK2R
19,00020,00020,2kr1b1r/pppb1ppp/2n5/1B2P3/4nB2/5N2/PP3PPP/R2NK2R
19,00021,00021,2kr1b1r/pppb1ppp/2B5/4P3/4nB2/5N2/PP3PPP/R2NK2R
19,00022,00022,2kr1b1r/ppp2ppp/2b5/4P3/4nB2/5N2/PP3PPP/R2NK2R
19,00023,00023,2kr1b1r/ppp2ppp/2b5/4P3/4nB2/5N2/PP3PPP/R2N1RK1
19,00024,00024,2kr3r/ppp2ppp/2b5/2b1P3/4nB2/5N2/PP3PPP/R2N1RK1
19,00025,00025,2kr3r/ppp2ppp/2b5/2b1P3/4nB2/2N2N2/PP3PPP/R4RK1
19,00026,00026,2kr3r/ppp2ppp/2b5/2b1P3/5B2/2n2N2/PP3PPP/R4RK1
19,00027,00027,2kr3r/ppp2ppp/2b5/2b1P3/5B2/2P2N2/P4PPP/R4RK1
19,00028,00028,2kr1r2/ppp2ppp/2b5/2b1P3/5B2/2P2N2/P4PPP/R4RK1
19,00029,00029,2kr1r2/ppp2ppp/2b5/2b1P3/5B2/2P2N2/P4PPP/3R1RK1
19,00030,00030,2k2r2/ppp2ppp/2b5/2b1P3/5B2/2P2N2/P4PPP/3r1RK1
19,00031,00031,2k2r2/ppp2ppp/2b5/2b1P3/5B2/2P2N2/P4PPP/3R2K1
19,00032,00032,2k2r2/ppp3pp/2b2p2/2b1P3/5B2/2P2N2/P4PPP/3R2K1
19,00033,00033,2k2r2/ppp3pp/2b1Pp2/2b5/5B2/2P2N2/P4PPP/3R2K1
19,00034,00034,2k1r3/ppp3pp/2b1Pp2/2b5/5B2/2P2N2/P4PPP/3R2K1
19,00035,00035,2k1r3/ppp3pp/2b1Pp2/2b5/5B2/2P2N2/P4PPP/4R1K1
19,00036,00036,2k1r3/ppp3pp/1bb1Pp2/8/5B2/2P2N2/P4PPP/4R1K1
19,00037,00037,2k1r3/ppp3pp/1bb1Pp2/8/2P2B2/5N2/P4PPP/4R1K1
19,00038,00038,2k1r3/ppp3pp/2b1Pp2/b7/2P2B2/5N2/P4PPP/4R1K1
19,00039,00039,2k1r3/ppp3pp/2b1Pp2/b7/2P2B2/5N2/P3RPPP/6K1
19,00040,00040,2kr4/ppp3pp/2b1Pp2/b7/2P2B2/5N2/P3RPPP/6K1
19,00041,00041,2kr4/ppp3pp/2b1Pp2/b7/2P2B2/5N1P/P3RPP1/6K1
19,00042,00042,2kr4/ppp4p/2b1Pp2/b5p1/2P2B2/5N1P/P3RPP1/6K1
19,00043,00043,2kr4/ppp4p/2b1Pp2/b5p1/2P5/5N1P/P2BRPP1/6K1
19,00044,00044,2kr4/ppp4p/1bb1Pp2/6p1/2P5/5N1P/P2BRPP1/6K1
19,00045,00045,2kr4/ppp4p/1bb1Pp2/6p1/1BP5/5N1P/P3RPP1/6K1
19,00046,00046,2kr4/1pp4p/1bb1Pp2/p5p1/1BP5/5N1P/P3RPP1/6K1
19,00047,00047,2kr4/1pp1B2p/1bb1Pp2/p5p1/2P5/5N1P/P3RPP1/6K1
19,00048,00048,2k1r3/1pp1B2p/1bb1Pp2/p5p1/2P5/5N1P/P3RPP1/6K1
19,00049,00049,2k1r3/1pp4p/1bb1PB2/p5p1/2P5/5N1P/P3RPP1/6K1
19,00050,00050,2k1r3/1pp5/1bb1PB1p/p5p1/2P5/5N1P/P3RPP1/6K1
19,00051,00051,2k1r3/1pp1P3/1bb2B1p/p5p1/2P5/5N1P/P3RPP1/6K1
19,00052,00052,2k1r3/1pp1P3/2b2B1p/p1b3p1/2P5/5N1P/P3RPP1/6K1
19,00053,00053,2k1r3/1pp1P3/2b2B1p/p1b1N1p1/2P5/7P/P3RPP1/6K1
19,00054,00054,2k1r3/1pp1P3/5B1p/p1b1N1p1/b1P5/7P/P3RPP1/6K1
19,00055,00055,2k1r3/1pp1P3/5B1p/p1b3p1/b1P3N1/7P/P3RPP1/6K1
19,00056,00056,2k1r3/1pp1P3/5B2/p1b3pp/b1P3N1/7P/P3RPP1/6K1
19,00057,00057,2k1r3/1pp1P3/5B1N/p1b3pp/b1P5/7P/P3RPP1/6K1
19,00058,00058,2k1r3/1pp1P3/5B1N/p1b3pp/2P5/7P/P3RPP1/3b2K1
19,00059,00059,2k1r3/1pp1P3/5B1N/p1b3pp/2P5/7P/P2R1PP1/3b2K1
19,00060,00060,2k1r3/1pp1P3/5B1N/p1b3pp/b1P5/7P/P2R1PP1/6K1
19,00061,00061,2kRr3/1pp1P3/5B1N/p1b3pp/b1P5/7P/P4PP1/6K1
19,00062,00062,2kr4/1pp1P3/5B1N/p1b3pp/b1P5/7P/P4PP1/6K1
19,00063,00063,2kQ4/1pp5/5B1N/p1b3pp/b1P5/7P/P4PP1/6K1
20,00001,00001,rnbqkbnr/pppppppp/8/8/4P3/8/PPPP1PPP/RNBQKBNR
20,00002,00002,rnbqkbnr/pp1ppppp/2p5/8/4P3/8/PPPP1PPP/RNBQKBNR
20,00003,00003,rnbqkbnr/pp1ppppp/2p5/8/4P3/2N5/PPPP1PPP/R1BQKBNR
20,00004,00004,rnbqkbnr/pp2pppp/2p5/3p4/4P3/2N5/PPPP1PPP/R1BQKBNR
20,00005,00005,rnbqkbnr/pp2pppp/2p5/3p4/3PP3/2N5/PPP2PPP/R1BQKBNR
20,00006,00006,rnbqkbnr/pp2pppp/2p5/8/3Pp3/2N5/PPP2PPP/R1BQKBNR
20,00007,00007,rnbqkbnr/pp2pppp/2p5/8/3PN3/8/PPP2PPP/R1BQKBNR
20,00008,00008,rnbqkb1r/pp2pppp/2p2n2/8/3PN3/8/PPP2PPP/R1BQKBNR
20,00009,00009,rnbqkb1r/pp2pppp/2p2N2/8/3P4/8/PPP2PPP/R1BQKBNR
20,00010,00010,rnbqkb1r/pp3ppp/2p2p2/8/3P4/8/PPP2PPP/R1BQKBNR
20,00011,00011,rnbqkb1r/pp3ppp/2p2p2/8/3P4/5N2/PPP2PPP/R1BQKB1R
20,00012,00012,rnbqk2r/pp3ppp/2pb1p2/8/3P4/5N2/PPP2PPP/R1BQKB1R
20,00013,00013,rnbqk2r/pp3ppp/2pb1p2/8/2BP4/5N2/PPP2PPP/R1BQK2R
20,00014,00014,rnbq1rk1/pp3ppp/2pb1p2/8/2BP4/5N2/PPP2PPP/R1BQK2R
20,00015,00015,rnbq1rk1/pp3ppp/2pb1p2/8/2BP4/5N2/PPP2PPP/R1BQ1RK1
20,00016,00016,rn1q1rk1/pp3ppp/2pb1p2/8/2BP2b1/5N2/PPP2PPP/R1BQ1RK1
20,00017,00017,rn1q1rk1/pp3ppp/2pb1p2/8/2BP2b1/5N1P/PPP2PP1/R1BQ1RK1
20,00018,00018,rn1q1rk1/pp3ppp/2pb1p2/8/2BP4/5b1P/PPP2PP1/R1BQ1RK1
20,00019,00019,rn1q1rk1/pp3ppp/2pb1p2/8/2BP4/5Q1P/PPP2PP1/R1B2RK1
20,00020,00020,rn1qr1k1/pp3ppp/2pb1p2/8/2BP4/5Q1P/PPP2PP1/R1B2RK1
20,00021,00021,rn1qr1k1/pp3ppp/2pb1p2/3P4/2B5/5Q1P/PPP2PP1/R1B2RK1
20,00022,00022,rn2r1k1/ppq2ppp/2pb1p2/3P4/2B5/5Q1P/PPP2PP1/R1B2RK1
20,00023,00023,rn2r1k1/ppq2ppp/2pb1p2/3P4/2B5/1Q5P/PPP2PP1/R1B2RK1
20,00024,00024,rn2r1k1/p1q2ppp/2pb1p2/1p1P4/2B5/1Q5P/PPP2PP1/R1B2RK1
20,00025,00025,rn2r1k1/p1q2ppp/2pb1p2/1p1P4/8/1Q1B3P/PPP2PP1/R1B2RK1
20,00026,00026,rn2r1k1/2q2ppp/p1pb1p2/1p1P4/8/1Q1B3P/PPP2PP1/R1B2RK1
20,00027,00027,rn2r1k1/2q2ppp/p1pb1p2/1p1P4/P7/1Q1B3P/1PP2PP1/R1B2RK1
20,00028,00028,r3r1k1/2qn1ppp/p1pb1p2/1p1P4/P7/1Q1B3P/1PP2PP1/R1B2RK1
20,00029,00029,r3r1k1/2qn1ppp/p1Pb1p2/1p6/P7/1Q1B3P/1PP2PP1/R1B2RK1
20,00030,00030,r3r1k1/2q2ppp/p1Pb1p2/1pn5/P7/1Q1B3P/1PP2PP1/R1B2RK1
20,00031,00031,r3r1k1/2q2ppp/p1Pb1p2/1pnQ4/P7/3B3P/1PP2PP1/R1B2RK1
20,00032,00032,r3r1k1/2q2ppp/p1Pb1p2/1p1Q4/P7/3n3P/1PP2PP1/R1B2RK1
20,00033,00033,r3r1k1/2q2ppp/p1Pb1p2/1p1Q4/P7/3P3P/1P3PP1/R1B2RK1
20,00034,00034,3rr1k1/2q2ppp/p1Pb1p2/1p1Q4/P7/3P3P/1P3PP1/R1B2RK1
20,00035,00035,3rr1k1/2q2ppp/p1Pb1p2/1p5Q/P7/3P3P/1P3PP1/R1B2RK1
20,00036,00036,3rr1k1/2q2p1p/p1Pb1pp1/1p5Q/P7/3P3P/1P3PP1/R1B2RK1
20,00037,00037,3rr1k1/2q2p1p/p1Pb1pp1/1p6/P7/3P1Q1P/1P3PP1/R1B2RK1
20,00038,00038,2r1r1k1/2q2p1p/p1Pb1pp1/1p6/P7/3P1Q1P/1P3PP1/R1B2RK1
20,00039,00039,2r1r1k1/2q2p1p/p1Pb1pp1/1P6/8/3P1Q1P/1P3PP1/R1B2RK1
20,00040,00040,2r1r1k1/2q2p1p/2Pb1pp1/1p6/8/3P1Q1P/1P3PP1/R1B2RK1
20,00041,00041,2r1r1k1/2q2p1p/2Pb1Qp1/1p6/8/3P3P/1P3PP1/R1B2RK1
20,00042,00042,2r1r1k1/5p1p/2qb1Qp1/1p6/8/3P3P/1P3PP1/R1B2RK1
20,00043,00043,2r1r1k1/5p1p/2qb2p1/1p6/3Q4/3P3P/1P3PP1/R1B2RK1
20,00044,00044,3rr1k1/5p1p/2qb2p1/1p6/3Q4/3P3P/1P3PP1/R1B2RK1
20,00045,00045,3rr1k1/5p1p/2qb2p1/1p6/7Q/3P3P/1P3PP1/R1B2RK1
20,00046,00046,3rr1k1/5p1p/3b2p1/1p1q4/7Q/3P3P/1P3PP1/R1B2RK1
20,00047,00047,3rr1k1/5p1p/3b2p1/1p1q2B1/7Q/3P3P/1P3PP1/R4RK1
20,00048,00048,3rr1k1/5p1p/3b2p1/1p2q1B1/7Q/3P3P/1P3PP1/R4RK1
20,00049,00049,3rr1k1/5p1p/3b2p1/1p2q1B1/5P1Q/3P3P/1P4P1/R4RK1
20,00050,00050,3rr1k1/5p1p/3b2p1/1p4B1/3q1P1Q/3P3P/1P4P1/R4RK1
20,00051,00051,3rr1k1/5p1p/3b2p1/1p4B1/3q1P1Q/3P3P/1P4P1/R4R1K
20,00052,00052,2r1r1k1/5p1p/3b2p1/1p4B1/3q1P1Q/3P3P/1P4P1/R4R1K
20,00053,00053,2r1r1k1/5p1p/3b1Bp1/1p6/3q1P1Q/3P3P/1P4P1/R4R1K
20,00054,00054,2r1rbk1/5p1p/5Bp1/1p6/3q1P1Q/3P3P/1P4P1/R4R1K
20,00055,00055,2r1rbk1/5p1p/6p1/1p6/3B1P1Q/3P3P/1P4P1/R4R1K
