game,from_frame,to_frame,fen
8,00001,00001,rnbqkbnr/pppppppp/8/8/4P3/8/PPPP1PPP/RNBQKBNR
8,00002,00002,rnbqkbnr/pp1ppppp/8/2p5/4P3/8/PPPP1PPP/RNBQKBNR
8,00003,00003,rnbqkbnr/pp1ppppp/8/2p5/4P3/5N2/PPPP1PPP/RNBQKB1R
8,00004,00004,rnbqkbnr/1p1ppppp/p7/2p5/4P3/5N2/PPPP1PPP/RNBQKB1R
8,00005,00005,rnbqkbnr/1p1ppppp/p7/2p5/4P3/3P1N2/PPP2PPP/RNBQKB1R
8,00006,00006,rnbqkbnr/1p1ppp1p/p5p1/2p5/4P3/3P1N2/PPP2PPP/RNBQKB1R
8,00007,00007,rnbqkbnr/1p1ppp1p/p5p1/2p5/4P3/3P1NP1/PPP2P1P/RNBQKB1R
8,00008,00008,rnbqk1nr/1p1pppbp/p5p1/2p5/4P3/3P1NP1/PPP2P1P/RNBQKB1R
8,00009,00009,rnbqk1nr/1p1pppbp/p5p1/2p5/4P3/3P1NP1/PPP2PBP/RNBQK2R
8,00010,00010,rnbqk1nr/3pppbp/p5p1/1pp5/4P3/3P1NP1/PPP2PBP/RNBQK2R
8,00011,00011,rnbqk1nr/3pppbp/p5p1/1pp5/4P3/3P1NP1/PPP2PBP/RNBQ1RK1
8,00012,00012,rn1qk1nr/1b1pppbp/p5p1/1pp5/4P3/3P1NP1/PPP2PBP/RNBQ1RK1
8,00013,00013,rn1qk1nr/1b1pppbp/p5p1/1pp5/4P3/2PP1NP1/PP3PBP/RNBQ1RK1
8,00014,00014,rn1qk1nr/1b1p1pbp/p5p1/1pp1p3/4P3/2PP1NP1/PP3PBP/RNBQ1RK1
8,00015,00015,rn1qk1nr/1b1p1pbp/p5p1/1pp1p3/4P3/P1PP1NP1/1P3PBP/RNBQ1RK1
8,00016,00016,rn1qk2r/1b1pnpbp/p5p1/1pp1p3/4P3/P1PP1NP1/1P3PBP/RNBQ1RK1
8,00017,00017,rn1qk2r/1b1pnpbp/p5p1/1pp1p3/1P2P3/P1PP1NP1/5PBP/RNBQ1RK1
8,00018,00018,rn1qk2r/1b2npbp/p2p2p1/1pp1p3/1P2P3/P1PP1NP1/5PBP/RNBQ1RK1
8,00019,00019,rn1qk2r/1b2npbp/p2p2p1/1pp1p3/1P2P3/P1PP1NP1/3N1PBP/R1BQ1RK1
8,00020,00020,rn1q1rk1/1b2npbp/p2p2p1/1pp1p3/1P2P3/P1PP1NP1/3N1PBP/R1BQ1RK1
8,00021,00021,rn1q1rk1/1b2npbp/p2p2p1/1pp1p3/1P2P3/PNPP1NP1/5PBP/R1BQ1RK1
8,00022,00022,r2q1rk1/1b1nnpbp/p2p2p1/1pp1p3/1P2P3/PNPP1NP1/5PBP/R1BQ1RK1
8,00023,00023,r2q1rk1/1b1nnpbp/p2p2p1/1pp1p3/1P2P3/PNPPBNP1/5PBP/R2Q1RK1
8,00024,00024,2rq1rk1/1b1nnpbp/p2p2p1/1pp1p3/1P2P3/PNPPBNP1/5PBP/R2Q1RK1
8,00025,00025,2rq1rk1/1b1nnpbp/p2p2p1/1pp1p3/1P2P3/PNPPBNP1/5PBP/2RQ1RK1
8,00026,00026,2rq1rk1/1b1nnpb1/p2p2pp/1pp1p3/1P2P3/PNPPBNP1/5PBP/2RQ1RK1
8,00027,00027,2rq1rk1/1b1nnpb1/p2p2pp/1pp1p3/1P2P3/PNPPB1P1/3N1PBP/2RQ1RK1
8,00028,00028,2rq1rk1/1b1nn1b1/p2p2pp/1pp1pp2/1P2P3/PNPPB1P1/3N1PBP/2RQ1RK1
8,00029,00029,2rq1rk1/1b1nn1b1/p2p2pp/1pp1pp2/1P2PP2/PNPPB1P1/3N2BP/2RQ1RK1
8,00030,00030,2rq1r2/1b1nn1bk/p2p2pp/1pp1pp2/1P2PP2/PNPPB1P1/3N2BP/2RQ1RK1
8,00031,00031,2rq1r2/1b1nn1bk/p2p2pp/1pp1pp2/1P2PP2/PNPPB1P1/3NQ1BP/2R2RK1
8,00032,00032,2rq1r2/1b1nn1bk/p2p2pp/1p2pp2/1p2PP2/PNPPB1P1/3NQ1BP/2R2RK1
8,00033,00033,2rq1r2/1b1nn1bk/p2p2pp/1p2pp2/1P2PP2/1NPPB1P1/3NQ1BP/2R2RK1
8,00034,00034,2rq1r2/1b1nn1bk/p2p2pp/1p3p2/1P2Pp2/1NPPB1P1/3NQ1BP/2R2RK1
8,00035,00035,2rq1r2/1b1nn1bk/p2p2pp/1p3p2/1P2PB2/1NPP2P1/3NQ1BP/2R2RK1
8,00036,00036,3q1r2/1b1nn1bk/p2p2pp/1p3p2/1P2PB2/1NrP2P1/3NQ1BP/2R2RK1
8,00037,00037,3q1r2/1b1nn1bk/p2p2pp/1p3p2/1P2PB2/1NRP2P1/3NQ1BP/5RK1
8,00038,00038,3q1r2/1b1nn2k/p2p2pp/1p3p2/1P2PB2/1NbP2P1/3NQ1BP/5RK1
8,00039,00039,3q1r2/1b1nn2k/p2B2pp/1p3p2/1P2P3/1NbP2P1/3NQ1BP/5RK1
8,00040,00040,5r2/1b1nn2k/pq1B2pp/1p3p2/1P2P3/1NbP2P1/3NQ1BP/5RK1
8,00041,00041,5r2/1b1nn2k/pq4pp/1pB2p2/1P2P3/1NbP2P1/3NQ1BP/5RK1
8,00042,00042,5r2/1b2n2k/pq4pp/1pn2p2/1P2P3/1NbP2P1/3NQ1BP/5RK1
8,00043,00043,5r2/1b2n2k/pq4pp/1pP2p2/4P3/1NbP2P1/3NQ1BP/5RK1
8,00044,00044,5r2/1b2n2k/p3q1pp/1pP2p2/4P3/1NbP2P1/3NQ1BP/5RK1
8,00045,00045,5r2/1b2n2k/p3q1pp/1pP2p2/3PP3/1Nb3P1/3NQ1BP/5RK1
8,00046,00046,3r4/1b2n2k/p3q1pp/1pP2p2/3PP3/1Nb3P1/3NQ1BP/5RK1
8,00047,00047,3r4/1b2n2k/p3q1pp/1pP2p2/3PP3/1NbQ2P1/3N2BP/5RK1
8,00048,00048,3r4/1b2n2k/p3q1pp/1pP2p2/3PP3/1N1Q2P1/3b2BP/5RK1
8,00049,00049,3r4/1b2n2k/p3q1pp/1pP2p2/3PP3/3Q2P1/3N2BP/5RK1
8,00050,00050,3r4/1b2n2k/p3q1pp/1pP5/3Pp3/3Q2P1/3N2BP/5RK1
8,00051,00051,3r4/1b2n2k/p3q1pp/1pP5/3PN3/3Q2P1/6BP/5RK1
8,00052,00052,3r4/1b5k/p3q1pp/1pP2n2/3PN3/3Q2P1/6BP/5RK1
8,00053,00053,3r4/1b5k/p3q1pp/1pPP1n2/4N3/3Q2P1/6BP/5RK1
8,00054,00054,3r4/1b5k/p5pp/1pPPqn2/4N3/3Q2P1/6BP/5RK1
8,00055,00055,3r4/1b5k/p5pp/1pPPqn2/4N1P1/3Q4/6BP/5RK1
8,00056,00056,3r4/1b2n2k/p5pp/1pPPq3/4N1P1/3Q4/6BP/5RK1
8,00057,00057,3r4/1b2nR1k/p5pp/1pPPq3/4N1P1/3Q4/6BP/6K1
8,00058,00058,3r2k1/1b2nR2/p5pp/1pPPq3/4N1P1/3Q4/6BP/6K1
8,00059,00059,3r2k1/1b2nR2/p5pp/1pPPq3/4N1P1/8/6BP/5QK1
8,00060,00060,3r2k1/1b3R2/p5pp/1pPnq3/4N1P1/8/6BP/5QK1
8,00061,00061,3r2k1/1R6/p5pp/1pPnq3/4N1P1/8/6BP/5QK1
8,00062,00062,3r2k1/1R6/p5pp/1pPn4/3qN1P1/8/6BP/5QK1
8,00063,00063,3r2k1/1R6/p5pp/1pPn4/3qN1P1/8/6BP/5Q1K
8,00064,00064,5rk1/1R6/p5pp/1pPn4/3qN1P1/8/6BP/5Q1K
8,00065,00065,5rk1/1R6/p5pp/1pPn4/3qN1P1/8/6BP/6QK
8,00066,00066,5rk1/1R6/p5pp/1pP5/3qN1P1/4n3/6BP/6QK
8,00067,00067,5rk1/4R3/p5pp/1pP5/3qN1P1/4n3/6BP/6QK
8,00068,00068,5rk1/4R3/6pp/ppP5/3qN1P1/4n3/6BP/6QK
8,00069,00069,5rk1/4R3/2P3pp/pp6/3qN1P1/4n3/6BP/6QK
8,00070,00070,5rk1/4R3/2P3pp/1p6/p2qN1P1/4n3/6BP/6QK
8,00071,00071,5rk1/4R3/2P3pp/1p6/p2qN1P1/4Q3/6BP/7K
8,00072,00072,5rk1/4R3/2P3pp/1p6/p3N1P1/4q3/6BP/7K
8,00073,00073,5rk1/4R3/2P2Npp/1p6/p5P1/4q3/6BP/7K
8,00074,00074,6k1/4R3/2P2rpp/1p6/p5P1/4q3/6BP/7K
8,00075,00075,6k1/8/2P2rpp/1p6/p5P1/4R3/6BP/7K
8,00076,00076,6k1/8/2Pr2pp/1p6/p5P1/4R3/6BP/7K
8,00077,00077,6k1/8/2Pr2pp/1p6/p5PP/4R3/6B1/7K
8,00078,00078,6k1/8/2P3pp/1p6/p5PP/4R3/6B1/3r3K
8,00079,00079,6k1/8/2P3pp/1p6/p5PP/4R3/6BK/3r4
8,00080,00080,6k1/8/2P3pp/8/pp4PP/4R3/6BK/3r4
8,00081,00081,6k1/2P5/6pp/8/pp4PP/4R3/6BK/3r4
9,00001,00001,rnbqkbnr/pppppppp/8/8/8/5N2/PPPPPPPP/RNBQKB1R
9,00002,00002,rnbqkb1r/pppppppp/5n2/8/8/5N2/PPPPPPPP/RNBQKB1R
9,00003,00003,rnbqkb1r/pppppppp/5n2/8/2P5/5N2/PP1PPPPP/RNBQKB1R
9,00004,00004,rnbqkb1r/pppppp1p/5np1/8/2P5/5N2/PP1PPPPP/RNBQKB1R
9,00005,00005,rnbqkb1r/pppppp1p/5np1/8/2P5/2N2N2/PP1PPPPP/R1BQKB1R
9,00006,00006,rnbqkb1r/ppp1pp1p/5np1/3p4/2P5/2N2N2/PP1PPPPP/R1BQKB1R
9,00007,00007,rnbqkb1r/ppp1pp1p/5np1/3P4/8/2N2N2/PP1PPPPP/R1BQKB1R
9,00008,00008,rnbqkb1r/ppp1pp1p/6p1/3n4/8/2N2N2/PP1PPPPP/R1BQKB1R
9,00009,00009,rnbqkb1r/ppp1pp1p/6p1/3n4/8/2N2NP1/PP1PPP1P/R1BQKB1R
9,00010,00010,rnbqk2r/ppp1ppbp/6p1/3n4/8/2N2NP1/PP1PPP1P/R1BQKB1R
9,00011,00011,rnbqk2r/ppp1ppbp/6p1/3N4/8/5NP1/PP1PPP1P/R1BQKB1R
9,00012,00012,rnb1k2r/ppp1ppbp/6p1/3q4/8/5NP1/PP1PPP1P/R1BQKB1R
9,00013,00013,rnb1k2r/ppp1ppbp/6p1/3q4/8/5NP1/PP1PPPBP/R1BQK2R
9,00014,00014,rnb2rk1/ppp1ppbp/6p1/3q4/8/5NP1/PP1PPPBP/R1BQK2R
9,00015,00015,rnb2rk1/ppp1ppbp/6p1/3q4/8/5NP1/PP1PPPBP/R1BQ1RK1
9,00016,00016,r1b2rk1/ppp1ppbp/2n3p1/3q4/8/5NP1/PP1PPPBP/R1BQ1RK1
9,00017,00017,r1b2rk1/ppp1ppbp/2n3p1/3q4/8/3P1NP1/PP2PPBP/R1BQ1RK1
9,00018,00018,r1bq1rk1/ppp1ppbp/2n3p1/8/8/3P1NP1/PP2PPBP/R1BQ1RK1
9,00019,00019,r1bq1rk1/ppp1ppbp/2n3p1/8/8/P2P1NP1/1P2PPBP/R1BQ1RK1
9,00020,00020,r1bq1rk1/ppp2pbp/2n3p1/4p3/8/P2P1NP1/1P2PPBP/R1BQ1RK1
9,00021,00021,r1bq1rk1/ppp2pbp/2n3p1/4p1B1/8/P2P1NP1/1P2PPBP/R2Q1RK1
9,00022,00022,r1b2rk1/ppp2pbp/2nq2p1/4p1B1/8/P2P1NP1/1P2PPBP/R2Q1RK1
9,00023,00023,r1b2rk1/ppp2pbp/2nq2p1/4p1B1/8/P2P1NP1/1PQ1PPBP/R4RK1
9,00024,00024,r4rk1/ppp2pbp/2nq2p1/4p1B1/6b1/P2P1NP1/1PQ1PPBP/R4RK1
9,00025,00025,r4rk1/ppp2pbp/2nq2p1/4p3/6b1/P2PBNP1/1PQ1PPBP/R4RK1
9,00026,00026,r3r1k1/ppp2pbp/2nq2p1/4p3/6b1/P2PBNP1/1PQ1PPBP/R4RK1
9,00027,00027,r3r1k1/ppp2pbp/2nq2p1/4p3/6b1/P2PBNP1/1PQ1PPBP/2R2RK1
9,00028,00028,2r1r1k1/ppp2pbp/2nq2p1/4p3/6b1/P2PBNP1/1PQ1PPBP/2R2RK1
9,00029,00029,2r1r1k1/ppp2pbp/2nq2p1/4p3/6b1/P2PBNP1/1PQ1PPBP/2R1R1K1
9,00030,00030,2r1r1k1/ppp1npbp/3q2p1/4p3/6b1/P2PBNP1/1PQ1PPBP/2R1R1K1
9,00031,00031,2r1r1k1/ppp1npbp/3q2p1/4p1N1/6b1/P2PB1P1/1PQ1PPBP/2R1R1K1
9,00032,00032,2r1r1k1/ppp2pbp/3q2p1/3np1N1/6b1/P2PB1P1/1PQ1PPBP/2R1R1K1
9,00033,00033,2r1r1k1/ppp2pbp/3q2p1/3np1N1/6b1/PQ1PB1P1/1P2PPBP/2R1R1K1
9,00034,00034,2r1r1k1/pp3pbp/2pq2p1/3np1N1/6b1/PQ1PB1P1/1P2PPBP/2R1R1K1
9,00035,00035,2r1r1k1/Bp3pbp/2pq2p1/3np1N1/6b1/PQ1P2P1/1P2PPBP/2R1R1K1
9,00036,00036,2r1r1k1/Bp2qpbp/2p3p1/3np1N1/6b1/PQ1P2P1/1P2PPBP/2R1R1K1
9,00037,00037,2r1r1k1/Bp2qpbp/2p3p1/3np1N1/6bP/PQ1P2P1/1P2PPB1/2R1R1K1
9,00038,00038,2r1r1k1/Bp2qpb1/2p3pp/3np1N1/6bP/PQ1P2P1/1P2PPB1/2R1R1K1
9,00039,00039,2r1r1k1/1p2qpb1/2p3pp/2Bnp1N1/6bP/PQ1P2P1/1P2PPB1/2R1R1K1
9,00040,00040,2r1r1k1/1p1q1pb1/2p3pp/2Bnp1N1/6bP/PQ1P2P1/1P2PPB1/2R1R1K1
9,00041,00041,2r1r1k1/1p1q1pb1/2p3pp/2Bnp3/4N1bP/PQ1P2P1/1P2PPB1/2R1R1K1
9,00042,00042,2r1r1k1/3q1pb1/1pp3pp/2Bnp3/4N1bP/PQ1P2P1/1P2PPB1/2R1R1K1
9,00043,00043,2r1r1k1/3q1pb1/1pp3pp/3np3/1B2N1bP/PQ1P2P1/1P2PPB1/2R1R1K1
9,00044,00044,2r1r1k1/3q1pb1/1pp1b1pp/3np3/1B2N2P/PQ1P2P1/1P2PPB1/2R1R1K1
9,00045,00045,2r1r1k1/3q1pb1/1pp1b1pp/3np3/QB2N2P/P2P2P1/1P2PPB1/2R1R1K1
9,00046,00046,2rr2k1/3q1pb1/1pp1b1pp/3np3/QB2N2P/P2P2P1/1P2PPB1/2R1R1K1
9,00047,00047,2rr2k1/3q1pb1/1pp1b1pp/3np3/Q3N2P/P2P2P1/1P1BPPB1/2R1R1K1
9,00048,00048,2rr2k1/3q2b1/1pp1b1pp/3npp2/Q3N2P/P2P2P1/1P1BPPB1/2R1R1K1
9,00049,00049,2rr2k1/3q2b1/1pp1b1pp/3npp2/Q6P/P1NP2P1/1P1BPPB1/2R1R1K1
9,00050,00050,2rr2k1/3qn1b1/1pp1b1pp/4pp2/Q6P/P1NP2P1/1P1BPPB1/2R1R1K1
9,00051,00051,2rr2k1/3qn1b1/1pp1b1pp/4pp2/Q6P/P1NP2P1/1P1BPPB1/2RR2K1
9,00052,00052,2rr4/3qn1bk/1pp1b1pp/4pp2/Q6P/P1NP2P1/1P1BPPB1/2RR2K1
9,00053,00053,2rr4/3qn1bk/1pp1b1pp/4pp2/Q6P/P1NPB1P1/1P2PPB1/2RR2K1
9,00054,00054,1r1r4/3qn1bk/1pp1b1pp/4pp2/Q6P/P1NPB1P1/1P2PPB1/2RR2K1
9,00055,00055,1r1r4/3qn1bk/1pp1b1pp/4pp2/QP5P/P1NPB1P1/4PPB1/2RR2K1
9,00056,00056,r2r4/3qn1bk/1pp1b1pp/4pp2/QP5P/P1NPB1P1/4PPB1/2RR2K1
9,00057,00057,r2r4/3qn1bk/1pp1b1pp/4pp2/1P5P/P1NPB1P1/2Q1PPB1/2RR2K1
9,00058,00058,3r4/3qn1bk/1pp1b1pp/4pp2/1P5P/r1NPB1P1/2Q1PPB1/2RR2K1
9,00059,00059,3r4/3qn1bk/1Bp1b1pp/4pp2/1P5P/r1NP2P1/2Q1PPB1/2RR2K1
9,00060,00060,1r6/3qn1bk/1Bp1b1pp/4pp2/1P5P/r1NP2P1/2Q1PPB1/2RR2K1
9,00061,00061,1r6/3qn1bk/2p1b1pp/2B1pp2/1P5P/r1NP2P1/2Q1PPB1/2RR2K1
9,00062,00062,1r6/3q2bk/2p1b1pp/2Bnpp2/1P5P/r1NP2P1/2Q1PPB1/2RR2K1
9,00063,00063,1r6/3q2bk/2p1b1pp/2BNpp2/1P5P/r2P2P1/2Q1PPB1/2RR2K1
9,00064,00064,1r6/3q2bk/4b1pp/2Bppp2/1P5P/r2P2P1/2Q1PPB1/2RR2K1
9,00065,00065,1r6/3q2bk/4b1pp/2Bppp2/1P5P/r2P2P1/2Q1PPB1/R2R2K1
9,00066,00066,rr6/3q2bk/4b1pp/2Bppp2/1P5P/3P2P1/2Q1PPB1/R2R2K1
9,00067,00067,Rr6/3q2bk/4b1pp/2Bppp2/1P5P/3P2P1/2Q1PPB1/3R2K1
9,00068,00068,r7/3q2bk/4b1pp/2Bppp2/1P5P/3P2P1/2Q1PPB1/3R2K1
9,00069,00069,r7/3q2bk/4b1pp/2Bppp2/1P1P3P/6P1/2Q1PPB1/3R2K1
9,00070,00070,r7/3q2bk/4b1pp/2Bpp3/1P1P1p1P/6P1/2Q1PPB1/3R2K1
9,00071,00071,r7/3q2bk/4b1pp/2BpP3/1P3p1P/6P1/2Q1PPB1/3R2K1
9,00072,00072,r7/3q2bk/4b1pp/2BpP3/1P5P/6p1/2Q1PPB1/3R2K1
9,00073,00073,r7/3q2bk/4b1pp/2BpP3/1P5P/6P1/2Q1P1B1/3R2K1
9,00074,00074,r7/3q3k/4b1pp/2Bpb3/1P5P/6P1/2Q1P1B1/3R2K1
9,00075,00075,r7/3q3k/4b1pp/2Bpb2P/1P6/6P1/2Q1P1B1/3R2K1
9,00076,00076,r7/5q1k/4b1pp/2Bpb2P/1P6/6P1/2Q1P1B1/3R2K1
9,00077,00077,r7/5q1k/4b1Pp/2Bpb3/1P6/6P1/2Q1P1B1/3R2K1
9,00078,00078,r7/7k/4b1qp/2Bpb3/1P6/6P1/2Q1P1B1/3R2K1
9,00079,00079,r7/7k/4b1Qp/2Bpb3/1P6/6P1/4P1B1/3R2K1
9,00080,00080,r7/8/4b1kp/2Bpb3/1P6/6P1/4P1B1/3R2K1
9,00081,00081,r7/8/4b1kp/2BBb3/1P6/6P1/4P3/3R2K1
9,00082,00082,r7/8/6kp/2Bbb3/1P6/6P1/4P3/3R2K1
9,00083,00083,r7/8/6kp/2BRb3/1P6/6P1/4P3/6K1
9,00084,00084,r7/8/6kp/2BR4/1P6/6b1/4P3/6K1
9,00085,00085,r7/8/6kp/2BR4/1P6/6b1/4P1K1/8
9,00086,00086,r7/8/6kp/2BR4/1P3b2/8/4P1K1/8
9,00087,00087,r7/8/6kp/1PBR4/5b2/8/4P1K1/8
9,00088,00088,8/8/6kp/1PBR4/5b2/8/r3P1K1/8
9,00089,00089,8/8/6kp/1PBR4/5b2/5K2/r3P3/8
9,00090,00090,8/8/6kp/1PBR4/8/5K2/r3P2b/8
9,00091,00091,8/8/1P4kp/2BR4/8/5K2/r3P2b/8
9,00092,00092,8/8/1P4kp/2BR4/8/5K2/1r2P2b/8
9,00093,00093,8/8/1P4kp/3R4/8/4BK2/1r2P2b/8
9,00094,00094,8/8/1P4kp/3R4/1r6/4BK2/4P2b/8
9,00095,00095,3R4/8/1P4kp/8/1r6/4BK2/4P2b/8
9,00096,00096,3R4/8/1P4kp/1r6/8/4BK2/4P2b/8
9,00097,00097,7R/8/1P4kp/1r6/8/4BK2/4P2b/8
9,00098,00098,7R/8/1P4k1/1r5p/8/4BK2/4P2b/8
9,00099,00099,7R/8/1P4k1/1r5p/8/4B3/4P1Kb/8
9,00100,00100,7R/8/1P4k1/1r2b2p/8/4B3/4P1K1/8
9,00101,00101,8/8/1P4kR/1r2b2p/8/4B3/4P1K1/8
9,00102,00102,8/8/1P5R/1r2bk1p/8/4B3/4P1K1/8
9,00103,00103,8/8/1P6/1r2bk1R/8/4B3/4P1K1/8
9,00104,00104,8/8/1P6/1r2b2R/4k3/4B3/4P1K1/8
9,00105,00105,8/8/1P6/1r2b2R/4k3/8/4PBK1/8
9,00106,00106,8/8/1P6/4b2R/4k3/8/1r2PBK1/8
9,00107,00107,8/8/1P6/4b3/4k2R/8/1r2PBK1/8
9,00108,00108,8/8/1P6/3kb3/7R/8/1r2PBK1/8
9,00109,00109,8/8/1P6/3kb3/4P2R/8/1r3BK1/8
9,00110,00110,8/8/1P6/4b3/2k1P2R/8/1r3BK1/8
9,00111,00111,8/8/1P6/4b3/2k1P2R/5K2/1r3B2/8
9,00112,00112,8/8/1P6/4b3/2k1P2R/1r3K2/5B2/8
9,00113,00113,8/8/1P6/4b3/2k1P1KR/1r6/5B2/8
9,00114,00114,8/8/1P6/1r2b3/2k1P1KR/8/5B2/8
9,00115,00115,8/8/1P5R/1r2b3/2k1P1K1/8/5B2/8
9,00116,00116,8/8/1P5R/1r6/2k1P1K1/2b5/5B2/8
9,00117,00117,8/8/1PR5/1r6/2k1P1K1/2b5/5B2/8
9,00118,00118,8/8/1PR5/1r6/4P1K1/2bk4/5B2/8
9,00119,00119,8/8/1PR5/1r6/4P3/2bk1K2/5B2/8
9,00120,00120,8/8/1PR5/8/4P3/2bk1K2/5B2/1r6
9,00121,00121,8/8/1P1R4/8/4P3/2bk1K2/5B2/1r6
9,00122,00122,8/8/1P1R4/8/2k1P3/2b2K2/5B2/1r6
9,00123,00123,8/3R4/1P6/8/2k1P3/2b2K2/5B2/1r6
9,00124,00124,8/3R4/1P6/1k6/4P3/2b2K2/5B2/1r6
9,00125,00125,8/2R5/1P6/1k6/4P3/2b2K2/5B2/1r6
9,00126,00126,8/2R5/1P6/bk6/4P3/5K2/5B2/1r6
9,00127,00127,8/2R5/1P6/bk6/4P1K1/8/5B2/1r6
9,00128,00128,8/2R5/1P6/bk6/4P1K1/8/1r3B2/8
9,00129,00129,8/2R5/1P6/bk6/3BP1K1/8/1r6/8
9,00130,00130,8/2R5/1P6/bk6/1r1BP1K1/8/8/8
9,00131,00131,8/3R4/1P6/bk6/1r1BP1K1/8/8/8
9,00132,00132,8/3R4/1Pk5/b7/1r1BP1K1/8/8/8
9,00133,00133,3R4/8/1Pk5/b7/1r1BP1K1/8/8/8
9,00134,00134,3R4/8/1bk5/8/1r1BP1K1/8/8/8
9,00135,00135,3R4/8/1Bk5/8/1r2P1K1/8/8/8
9,00136,00136,3R4/8/1Bk5/8/4r1K1/8/8/8
9,00137,00137,3R4/8/1Bk5/8/4r3/5K2/8/8
9,00138,00138,3R4/4r3/1Bk5/8/8/5K2/8/8
9,00139,00139,3R4/4r3/2k5/8/8/4BK2/8/8
9,00140,00140,3R4/2k1r3/8/8/8/4BK2/8/8
9,00141,00141,R7/2k1r3/8/8/8/4BK2/8/8
9,00142,00142,R7/2k5/4r3/8/8/4BK2/8/8
9,00143,00143,R7/2k5/4r3/8/8/4B3/4K3/8
9,00144,00144,R7/8/2k1r3/8/8/4B3/4K3/8
9,00145,00145,R7/8/2k1r3/8/8/3KB3/8/8
9,00146,00146,R7/8/2kr4/8/8/3KB3/8/8
9,00147,00147,R7/8/2kr4/8/2K5/4B3/8/8
9,00148,00148,R7/8/2k5/8/2K5/4B3/8/3r4
9,00149,00149,8/8/R1k5/8/2K5/4B3/8/3r4
9,00150,00150,8/1k6/R7/8/2K5/4B3/8/3r4
9,00151,00151,8/1k6/5R2/8/2K5/4B3/8/3r4
9,00152,00152,8/1k6/5R2/8/2K5/4B3/8/4r3
9,00153,00153,8/1k6/5R2/2B5/2K5/8/8/4r3
9,00154,00154,8/1k6/5R2/2B5/2K5/8/8/2r5
9,00155,00155,8/1k6/5R2/1KB5/8/8/8/2r5
9,00156,00156,8/1k6/5R2/1KB5/8/8/8/1r6
9,00157,00157,8/1k6/5R2/1K6/1B6/8/8/1r6
9,00158,00158,8/1k6/5R2/1K6/1B6/8/8/2r5
9,00159,00159,8/1k6/5R2/1KB5/8/8/8/2r5
9,00160,00160,8/1k6/5R2/1KB5/8/8/8/1r6
9,00161,00161,8/1k6/5R2/2B5/2K5/8/8/1r6
9,00162,00162,8/1k6/5R2/2B5/2K5/8/8/7r
9,00163,00163,8/1k6/1R6/2B5/2K5/8/8/7r
9,00164,00164,8/2k5/1R6/2B5/2K5/8/8/7r
9,00165,00165,8/2k5/R7/2B5/2K5/8/8/7r
9,00166,00166,8/1k6/R7/2B5/2K5/8/8/7r
9,00167,00167,8/1k6/4R3/2B5/2K5/8/8/7r
9,00168,00168,8/1k6/4R3/2B5/2K5/8/8/3r4
9,00169,00169,8/1k6/4R3/1KB5/8/8/8/3r4
9,00170,00170,8/1k6/4R3/1KB5/8/8/8/1r6
9,00171,00171,8/1k6/4R3/1K6/1B6/8/8/1r6
9,00172,00172,8/1k6/4R3/1K6/1B6/8/8/2r5
9,00173,00173,8/1k6/R7/1K6/1B6/8/8/2r5
9,00174,00174,8/1k6/R7/1K6/1B6/8/2r5/8
9,00175,00175,8/1k6/8/1K6/1B6/8/2r5/R7
9,00176,00176,8/1k6/8/1K6/1B6/8/7r/R7
9,00177,00177,8/1k6/8/1KB5/8/8/7r/R7
9,00178,00178,8/1k6/8/1KB5/8/8/1r6/R7
9,00179,00179,8/1k6/8/2B5/2K5/8/1r6/R7
9,00180,00180,8/1k6/8/2B5/2K5/8/7r/R7
9,00181,00181,8/Rk6/8/2B5/2K5/8/7r/8
9,00182,00182,8/R7/2k5/2B5/2K5/8/7r/8
9,00183,00183,8/8/R1k5/2B5/2K5/8/7r/8
9,00184,00184,8/1k6/R7/2B5/2K5/8/7r/8
9,00185,00185,8/1k6/1R6/2B5/2K5/8/7r/8
9,00186,00186,8/2k5/1R6/2B5/2K5/8/7r/8
9,00187,00187,8/2k5/6R1/2B5/2K5/8/7r/8
9,00188,00188,8/2k5/6R1/2B5/2K5/8/3r4/8
9,00189,00189,8/2k5/6R1/8/2KB4/8/3r4/8
9,00190,00190,8/1k6/6R1/8/2KB4/8/3r4/8
9,00191,00191,8/1k6/6R1/3K4/3B4/8/3r4/8
9,00192,00192,8/1k6/6R1/3K4/3B4/8/2r5/8
9,00193,00193,8/1k6/1R6/3K4/3B4/8/2r5/8
9,00194,00194,8/2k5/1R6/3K4/3B4/8/2r5/8
9,00195,00195,8/2k5/R7/3K4/3B4/8/2r5/8
9,00196,00196,8/3k4/R7/3K4/3B4/8/2r5/8
9,00197,00197,8/3k4/6R1/3K4/3B4/8/2r5/8
9,00198,00198,8/3k4/6R1/3K4/3B4/8/4r3/8
9,00199,00199,8/3k4/3R4/3K4/3B4/8/4r3/8
9,00200,00200,8/4k3/3R4/3K4/3B4/8/4r3/8
9,00201,00201,8/4k3/6R1/3K4/3B4/8/4r3/8
9,00202,00202,8/3k4/6R1/3K4/3B4/8/4r3/8
9,00203,00203,8/3k4/7R/3K4/3B4/8/4r3/8
9,00204,00204,8/3k4/7R/3K4/3B4/8/2r5/8
9,00205,00205,8/3k4/3R4/3K4/3B4/8/2r5/8
9,00206,00206,8/2k5/3R4/3K4/3B4/8/2r5/8
9,00207,00207,8/2k5/6R1/3K4/3B4/8/2r5/8
9,00208,00208,8/1k6/6R1/3K4/3B4/8/2r5/8
9,00209,00209,8/1k6/6R1/2BK4/8/8/2r5/8
9,00210,00210,8/1k6/6R1/2BK4/8/8/3r4/8
9,00211,00211,8/1k6/6R1/2B1K3/8/8/3r4/8
9,00212,00212,8/1k6/6R1/2B1K3/8/8/8/3r4
9,00213,00213,8/1k4R1/8/2B1K3/8/8/8/3r4
9,00214,00214,8/6R1/k7/2B1K3/8/8/8/3r4
9,00215,00215,8/6R1/k7/4K3/3B4/8/8/3r4
9,00216,00216,8/6R1/k7/4K3/3B4/8/8/2r5
9,00217,00217,8/6R1/k7/3K4/3B4/8/8/2r5
9,00218,00218,2r5/6R1/k7/3K4/3B4/8/8/8
9,00219,00219,2r5/R7/k7/3K4/3B4/8/8/8
9,00220,00220,2r5/R7/8/1k1K4/3B4/8/8/8
9,00221,00221,2r5/1R6/8/1k1K4/3B4/8/8/8
9,00222,00222,2r5/1R6/k7/3K4/3B4/8/8/8
9,00223,00223,2r5/8/kR6/3K4/3B4/8/8/8
9,00224,00224,2r5/8/1R6/k2K4/3B4/8/8/8
9,00225,00225,2r5/8/1R6/k1BK4/8/8/8/8
9,00226,00226,3r4/8/1R6/k1BK4/8/8/8/8
9,00227,00227,3r4/8/1R6/k1B5/2K5/8/8/8
9,00228,00228,8/8/1R6/k1B5/2K5/8/8/3r4
9,00229,00229,8/8/8/k1B5/2K5/8/1R6/3r4
9,00230,00230,8/8/8/k1B5/2K5/8/1R6/2r5
9,00231,00231,8/8/8/k1BK4/8/8/1R6/2r5
9,00232,00232,8/8/8/2BK4/k7/8/1R6/2r5
9,00233,00233,8/8/8/2BK4/kR6/8/8/2r5
9,00234,00234,8/8/8/k1BK4/1R6/8/8/2r5
9,00235,00235,8/8/2K5/k1B5/1R6/8/8/2r5
9,00236,00236,8/8/2K5/k1B5/1R6/2r5/8/8
9,00237,00237,1R6/8/2K5/k1B5/8/2r5/8/8
9,00238,00238,1R6/8/2K5/2B5/k7/2r5/8/8
9,00239,00239,8/1R6/2K5/2B5/k7/2r5/8/8
9,00240,00240,8/1R6/2K5/2B5/k7/8/2r5/8
9,00241,00241,8/1R6/8/2BK4/k7/8/2r5/8
9,00242,00242,8/1R6/8/2BK4/k7/8/3r4/8
9,00243,00243,8/1R6/8/3K4/k2B4/8/3r4/8
9,00244,00244,8/1R6/8/3K4/k2B4/8/2r5/8
9,00245,00245,8/1R6/8/8/k2BK3/8/2r5/8
9,00246,00246,8/1R6/8/k7/3BK3/8/2r5/8
9,00247,00247,8/8/1R6/k7/3BK3/8/2r5/8
9,00248,00248,8/8/1R6/k7/2rBK3/8/8/8
9,00249,00249,8/8/8/k7/2rBK3/8/1R6/8
9,00250,00250,8/8/8/k7/3BK3/8/1R6/2r5
9,00251,00251,8/8/8/k2K4/3B4/8/1R6/2r5
9,00252,00252,8/8/8/3K4/k2B4/8/1R6/2r5
9,00253,00253,8/8/8/2BK4/k7/8/1R6/2r5
9,00254,00254,8/8/8/k1BK4/8/8/1R6/2r5
9,00255,00255,8/8/2K5/k1B5/8/8/1R6/2r5
9,00256,00256,8/8/2K5/k1B5/2r5/8/1R6/8
9,00257,00257,8/8/2K5/k1B5/2r5/1R6/8/8
9,00258,00258,8/8/2K5/k1B5/6r1/1R6/8/8
9,00259,00259,8/8/2K5/k1B5/6r1/R7/8/8
9,00260,00260,8/8/2K5/k1B5/r7/R7/8/8
9,00261,00261,8/8/2K5/k1B5/r7/3R4/8/8
9,00262,00262,8/8/2K5/k1B5/6r1/3R4/8/8
9,00263,00263,8/8/8/k1BK4/6r1/3R4/8/8
9,00264,00264,8/8/8/1kBK4/6r1/3R4/8/8
9,00265,00265,8/8/8/1kBK4/6r1/1R6/8/8
9,00266,00266,8/8/8/2BK4/k5r1/1R6/8/8
9,00267,00267,8/8/8/2BK4/k5r1/8/1R6/8
9,00268,00268,8/8/8/2BK4/k6r/8/1R6/8
9,00269,00269,8/8/8/3K4/k2B3r/8/1R6/8
9,00270,00270,8/8/8/3K4/3B3r/k7/1R6/8
9,00271,00271,8/1R6/8/3K4/3B3r/k7/8/8
9,00272,00272,8/1R6/8/3K4/3B3r/8/k7/8
9,00273,00273,8/1R6/8/8/2KB3r/8/k7/8
9,00274,00274,8/1R6/8/8/2KB2r1/8/k7/8
9,00275,00275,8/8/8/8/2KB2r1/8/kR6/8
9,00276,00276,8/8/8/8/2KB2r1/k7/1R6/8
9,00277,00277,8/8/8/8/2KB2r1/k7/8/1R6
9,00278,00278,8/8/8/8/2KB4/k7/6r1/1R6
9,00279,00279,8/1R6/8/8/2KB4/k7/6r1/8
10,00001,00001,rnbqkbnr/pppppppp/8/8/4P3/8/PPPP1PPP/RNBQKBNR
10,00002,00002,rnbqkbnr/pppp1ppp/8/4p3/4P3/8/PPPP1PPP/RNBQKBNR
10,00003,00003,rnbqkbnr/pppp1ppp/8/4p3/4P3/5N2/PPPP1PPP/RNBQKB1R
10,00004,00004,r1bqkbnr/pppp1ppp/2n5/4p3/4P3/5N2/PPPP1PPP/RNBQKB1R
10,00005,00005,r1bqkbnr/pppp1ppp/2n5/1B2p3/4P3/5N2/PPPP1PPP/RNBQK2R
10,00006,00006,r1bqkb1r/pppp1ppp/2n2n2/1B2p3/4P3/5N2/PPPP1PPP/RNBQK2R
10,00007,00007,r1bqkb1r/pppp1ppp/2n2n2/1B2p3/4P3/5N2/PPPP1PPP/RNBQ1RK1
10,00008,00008,r1bqkb1r/pppp1ppp/2n5/1B2p3/4n3/5N2/PPPP1PPP/RNBQ1RK1
10,00009,00009,r1bqkb1r/pppp1ppp/2n5/1B2p3/4n3/5N2/PPPP1PPP/RNBQR1K1
10,00010,00010,r1bqkb1r/pppp1ppp/2nn4/1B2p3/8/5N2/PPPP1PPP/RNBQR1K1
10,00011,00011,r1bqkb1r/pppp1ppp/2nn4/1B2N3/8/8/PPPP1PPP/RNBQR1K1
10,00012,00012,r1bqk2r/ppppbppp/2nn4/1B2N3/8/8/PPPP1PPP/RNBQR1K1
10,00013,00013,r1bqk2r/ppppbppp/2nn4/4N3/8/8/PPPP1PPP/RNBQRBK1
10,00014,00014,r1bqk2r/ppppbppp/3n4/4n3/8/8/PPPP1PPP/RNBQRBK1
10,00015,00015,r1bqk2r/ppppbppp/3n4/4R3/8/8/PPPP1PPP/RNBQ1BK1
10,00016,00016,r1bq1rk1/ppppbppp/3n4/4R3/8/8/PPPP1PPP/RNBQ1BK1
10,00017,00017,r1bq1rk1/ppppbppp/3n4/4R3/3P4/8/PPP2PPP/RNBQ1BK1
10,00018,00018,r1bq1rk1/pppp1ppp/3n1b2/4R3/3P4/8/PPP2PPP/RNBQ1BK1
10,00019,00019,r1bq1rk1/pppp1ppp/3n1b2/8/3P4/8/PPP2PPP/RNBQRBK1
10,00020,00020,r1bqr1k1/pppp1ppp/3n1b2/8/3P4/8/PPP2PPP/RNBQRBK1
10,00021,00021,r1bqr1k1/pppp1ppp/3n1b2/8/3P4/2P5/PP3PPP/RNBQRBK1
10,00022,00022,r1bq2k1/pppp1ppp/3n1b2/8/3P4/2P5/PP3PPP/RNBQrBK1
10,00023,00023,r1bq2k1/pppp1ppp/3n1b2/8/3P4/2P5/PP3PPP/RNB1QBK1
10,00024,00024,r1b1q1k1/pppp1ppp/3n1b2/8/3P4/2P5/PP3PPP/RNB1QBK1
10,00025,00025,r1b1Q1k1/pppp1ppp/3n1b2/8/3P4/2P5/PP3PPP/RNB2BK1
10,00026,00026,r1b1n1k1/pppp1ppp/5b2/8/3P4/2P5/PP3PPP/RNB2BK1
10,00027,00027,r1b1n1k1/pppp1ppp/5b2/8/3P1B2/2P5/PP3PPP/RN3BK1
10,00028,00028,r1b1n1k1/ppp2ppp/5b2/3p4/3P1B2/2P5/PP3PPP/RN3BK1
10,00029,00029,r1b1n1k1/ppp2ppp/5b2/3p4/3P1B2/2PB4/PP3PPP/RN4K1
10,00030,00030,r1b3k1/ppp2ppp/3n1b2/3p4/3P1B2/2PB4/PP3PPP/RN4K1
10,00031,00031,r1b3k1/ppp2ppp/3n1b2/3p4/3P1B2/2PB4/PP1N1PPP/R5K1
10,00032,00032,r5k1/ppp2ppp/3n1b2/3p4/3P1Bb1/2PB4/PP1N1PPP/R5K1
10,00033,00033,r5k1/ppp2ppp/3n1b2/3p4/P2P1Bb1/2PB4/1P1N1PPP/R5K1
10,00034,00034,r5k1/1pp2ppp/3n1b2/p2p4/P2P1Bb1/2PB4/1P1N1PPP/R5K1
10,00035,00035,r5k1/1pp2ppp/3n1b2/p2p4/P2P1Bb1/2PB1P2/1P1N2PP/R5K1
10,00036,00036,r5k1/1pp2ppp/3n1b2/p2p3b/P2P1B2/2PB1P2/1P1N2PP/R5K1
10,00037,00037,r5k1/1pp2ppp/3n1b2/p2p3b/P2P1B2/2PB1P2/1P1N1KPP/R7
10,00038,00038,4r1k1/1pp2ppp/3n1b2/p2p3b/P2P1B2/2PB1P2/1P1N1KPP/R7
10,00039,00039,4r1k1/1pp2ppp/3n1b2/p2p3b/P2P1B2/1NPB1P2/1P3KPP/R7
10,00040,00040,4r1k1/2p2ppp/1p1n1b2/p2p3b/P2P1B2/1NPB1P2/1P3KPP/R7
10,00041,00041,4r1k1/2p2ppp/1p1B1b2/p2p3b/P2P4/1NPB1P2/1P3KPP/R7
10,00042,00042,4r1k1/5ppp/1p1p1b2/p2p3b/P2P4/1NPB1P2/1P3KPP/R7
10,00043,00043,4r1k1/5ppp/1p1p1b2/p2p3b/P2P1P2/1NPB4/1P3KPP/R7
10,00044,00044,4r1k1/5ppp/1p1p1b2/p2p4/P2P1Pb1/1NPB4/1P3KPP/R7
10,00045,00045,4r1k1/5ppp/1p1p1b2/p2p4/P2P1Pb1/2PB4/1P1N1KPP/R7
10,00046,00046,4r1k1/3b1ppp/1p1p1b2/p2p4/P2P1P2/2PB4/1P1N1KPP/R7
10,00047,00047,4r1k1/3b1ppp/1p1p1b2/p2p4/P2P1P2/2PB4/1P3KPP/R4N2
10,00048,00048,4r1k1/3b1p1p/1p1p1b2/p2p2p1/P2P1P2/2PB4/1P3KPP/R4N2
10,00049,00049,4r1k1/3b1p1p/1p1p1b2/p2p1Pp1/P2P4/2PB4/1P3KPP/R4N2
10,00050,00050,1r4k1/3b1p1p/1p1p1b2/p2p1Pp1/P2P4/2PB4/1P3KPP/R4N2
10,00051,00051,1r4k1/3b1p1p/1p1p1b2/p2p1Pp1/P2P4/2PBN3/1P3KPP/R7
10,00052,00052,1r4k1/5p1p/1pbp1b2/p2p1Pp1/P2P4/2PBN3/1P3KPP/R7
10,00053,00053,1r4k1/5p1p/1pbp1b2/pB1p1Pp1/P2P4/2P1N3/1P3KPP/R7
10,00054,00054,br4k1/5p1p/1p1p1b2/pB1p1Pp1/P2P4/2P1N3/1P3KPP/R7
10,00055,00055,br4k1/5p1p/1p1p1b2/p2p1Pp1/P2P4/2P1N3/1P2BKPP/R7
10,00056,00056,br6/5pkp/1p1p1b2/p2p1Pp1/P2P4/2P1N3/1P2BKPP/R7
10,00057,00057,br6/5pkp/1p1p1b2/p2p1Pp1/P2P4/R1P1N3/1P2BKPP/8
10,00058,00058,1r6/5pkp/1pbp1b2/p2p1Pp1/P2P4/R1P1N3/1P2BKPP/8
10,00059,00059,1r6/5pkp/1pbp1b2/p2p1Pp1/P2P4/R1P1N2P/1P2BKP1/8
10,00060,00060,1r1b4/5pkp/1pbp4/p2p1Pp1/P2P4/R1P1N2P/1P2BKP1/8
10,00061,00061,1r1b4/5pkp/1pbp4/p2p1Pp1/P2P2P1/R1P1N2P/1P2BK2/8
10,00062,00062,1r6/5pkp/1pbp1b2/p2p1Pp1/P2P2P1/R1P1N2P/1P2BK2/8
10,00063,00063,1r6/5pkp/1pbp1b2/p2p1Pp1/P2P2P1/R1P4P/1PN1BK2/8
10,00064,00064,1r1b4/5pkp/1pbp4/p2p1Pp1/P2P2P1/R1P4P/1PN1BK2/8
10,00065,00065,1r1b4/5pkp/1pbp4/p2p1Pp1/PP1P2P1/R1P4P/2N1BK2/8
10,00066,00066,1r1b4/5pkp/2bp4/pp1p1Pp1/PP1P2P1/R1P4P/2N1BK2/8
10,00067,00067,1r1b4/5pkp/2bp4/pP1p1Pp1/1P1P2P1/R1P4P/2N1BK2/8
10,00068,00068,1r1b4/5pkp/2bp4/1P1p1Pp1/1p1P2P1/R1P4P/2N1BK2/8
10,00069,00069,1r1b4/5pkp/2bp4/1P1p1Pp1/1N1P2P1/R1P4P/4BK2/8
10,00070,00070,1r1b4/5pkp/3p4/1b1p1Pp1/1N1P2P1/R1P4P/4BK2/8
10,00071,00071,1r1b4/5pkp/3p4/1b1N1Pp1/3P2P1/R1P4P/4BK2/8
10,00072,00072,1r1b4/5pkp/2bp4/3N1Pp1/3P2P1/R1P4P/4BK2/8
10,00073,00073,1r1b4/5pkp/2bp4/5Pp1/1N1P2P1/R1P4P/4BK2/8
10,00074,00074,1r1bb3/5pkp/3p4/5Pp1/1N1P2P1/R1P4P/4BK2/8
10,00075,00075,1r1bb3/5pkp/R2p4/5Pp1/1N1P2P1/2P4P/4BK2/8
10,00076,00076,1r2b3/2b2pkp/R2p4/5Pp1/1N1P2P1/2P4P/4BK2/8
10,00077,00077,1r2b3/2b2pkp/R2p4/3N1Pp1/3P2P1/2P4P/4BK2/8
10,00078,00078,2r1b3/2b2pkp/R2p4/3N1Pp1/3P2P1/2P4P/4BK2/8
10,00079,00079,2r1b3/2b2pkp/R2p1P2/3N2p1/3P2P1/2P4P/4BK2/8
10,00080,00080,2r1bk2/2b2p1p/R2p1P2/3N2p1/3P2P1/2P4P/4BK2/8
10,00081,00081,2r1bk2/2N2p1p/R2p1P2/6p1/3P2P1/2P4P/4BK2/8
10,00082,00082,4bk2/2r2p1p/R2p1P2/6p1/3P2P1/2P4P/4BK2/8
10,00083,00083,R3bk2/2r2p1p/3p1P2/6p1/3P2P1/2P4P/4BK2/8
10,00084,00084,R3bk2/1r3p1p/3p1P2/6p1/3P2P1/2P4P/4BK2/8
10,00085,00085,R3bk2/1r3p1p/3p1P2/3P2p1/6P1/2P4P/4BK2/8
10,00086,00086,R3bk2/5p1p/3p1P2/3P2p1/6P1/2P4P/1r2BK2/8
10,00087,00087,R3bk2/5p1p/3p1P2/3P2p1/6P1/2P1K2P/1r2B3/8
11,00001,00001,rnbqkbnr/pppppppp/8/8/2P5/8/PP1PPPPP/RNBQKBNR
11,00002,00002,rnbqkb1r/pppppppp/5n2/8/2P5/8/PP1PPPPP/RNBQKBNR
11,00003,00003,rnbqkb1r/pppppppp/5n2/8/2P5/2N5/PP1PPPPP/R1BQKBNR
11,00004,00004,rnbqkb1r/ppp1pppp/5n2/3p4/2P5/2N5/PP1PPPPP/R1BQKBNR
11,00005,00005,rnbqkb1r/ppp1pppp/5n2/3p4/2PP4/2N5/PP2PPPP/R1BQKBNR
11,00006,00006,rnbqkb1r/ppp1pp1p/5np1/3p4/2PP4/2N5/PP2PPPP/R1BQKBNR
11,00007,00007,rnbqkb1r/ppp1pp1p/5np1/3P4/3P4/2N5/PP2PPPP/R1BQKBNR
11,00008,00008,rnbqkb1r/ppp1pp1p/6p1/3n4/3P4/2N5/PP2PPPP/R1BQKBNR
11,00009,00009,rnbqkb1r/ppp1pp1p/6p1/3n4/3PP3/2N5/PP3PPP/R1BQKBNR
11,00010,00010,rnbqkb1r/ppp1pp1p/6p1/8/3PP3/2n5/PP3PPP/R1BQKBNR
11,00011,00011,rnbqkb1r/ppp1pp1p/6p1/8/3PP3/2P5/P4PPP/R1BQKBNR
11,00012,00012,rnbqk2r/ppp1ppbp/6p1/8/3PP3/2P5/P4PPP/R1BQKBNR
11,00013,00013,rnbqk2r/ppp1ppbp/6p1/8/3PP3/2P2N2/P4PPP/R1BQKB1R
11,00014,00014,rnbqk2r/pp2ppbp/6p1/2p5/3PP3/2P2N2/P4PPP/R1BQKB1R
11,00015,00015,rnbqk2r/pp2ppbp/6p1/2p5/3PP3/2P1BN2/P4PPP/R2QKB1R
11,00016,00016,r1bqk2r/pp2ppbp/2n3p1/2p5/3PP3/2P1BN2/P4PPP/R2QKB1R
11,00017,00017,r1bqk2r/pp2ppbp/2n3p1/2p5/3PP3/2P1BN2/P4PPP/2RQKB1R
11,00018,00018,r1bqk2r/pp2ppbp/2n3p1/8/3pP3/2P1BN2/P4PPP/2RQKB1R
11,00019,00019,r1bqk2r/pp2ppbp/2n3p1/8/3PP3/4BN2/P4PPP/2RQKB1R
11,00020,00020,r1bq1rk1/pp2ppbp/2n3p1/8/3PP3/4BN2/P4PPP/2RQKB1R
11,00021,00021,r1bq1rk1/pp2ppbp/2n3p1/8/3PP3/4BN2/P2Q1PPP/2R1KB1R
11,00022,00022,r2q1rk1/pp2ppbp/2n3p1/8/3PP1b1/4BN2/P2Q1PPP/2R1KB1R
11,00023,00023,r2q1rk1/pp2ppbp/2n3p1/3P4/4P1b1/4BN2/P2Q1PPP/2R1KB1R
11,00024,00024,r2q1rk1/pp2ppbp/2n3p1/3P4/4P3/4Bb2/P2Q1PPP/2R1KB1R
11,00025,00025,r2q1rk1/pp2ppbp/2n3p1/3P4/4P3/4BP2/P2Q1P1P/2R1KB1R
11,00026,00026,r2q1rk1/pp2ppbp/6p1/3Pn3/4P3/4BP2/P2Q1P1P/2R1KB1R
11,00027,00027,r2q1rk1/pp2ppbp/6p1/3Pn3/4P3/4BP2/P2QBP1P/2R1K2R
11,00028,00028,r4rk1/pp1qppbp/6p1/3Pn3/4P3/4BP2/P2QBP1P/2R1K2R
11,00029,00029,r4rk1/pp1qppbp/6p1/3Pn3/4P3/4BP2/P3BP1P/2RQK2R
11,00030,00030,r4rk1/pp2ppbp/3q2p1/3Pn3/4P3/4BP2/P3BP1P/2RQK2R
11,00031,00031,r4rk1/pp2ppbp/3q2p1/3Pn3/4P3/4BP2/P3BP1P/2RQ1RK1
11,00032,00032,r4rk1/pp2ppbp/3q4/3Pn1p1/4P3/4BP2/P3BP1P/2RQ1RK1
11,00033,00033,r4rk1/pp2ppbp/3q4/3Pn1B1/4P3/5P2/P3BP1P/2RQ1RK1
11,00034,00034,r4rk1/pp2ppbp/3q2n1/3P2B1/4P3/5P2/P3BP1P/2RQ1RK1
11,00035,00035,r4rk1/pp2ppbp/3q2n1/3P2B1/4PP2/8/P3BP1P/2RQ1RK1
11,00036,00036,r4rk1/pp2ppb1/3q2np/3P2B1/4PP2/8/P3BP1P/2RQ1RK1
11,00037,00037,r4rk1/pp2ppb1/3q2np/3P1PB1/4P3/8/P3BP1P/2RQ1RK1
11,00038,00038,r4rk1/pp2ppb1/3q2n1/3P1Pp1/4P3/8/P3BP1P/2RQ1RK1
11,00039,00039,r4rk1/pp2ppb1/3q2P1/3P2p1/4P3/8/P3BP1P/2RQ1RK1
11,00040,00040,r4rk1/pp2ppb1/6q1/3P2p1/4P3/8/P3BP1P/2RQ1RK1
11,00041,00041,r4rk1/pp2ppb1/6q1/3P2p1/2R1P3/8/P3BP1P/3Q1RK1
11,00042,00042,r4rk1/pp2pp2/6q1/3Pb1p1/2R1P3/8/P3BP1P/3Q1RK1
11,00043,00043,r4rk1/pp2pp2/6q1/3Pb1p1/2R1P1B1/8/P4P1P/3Q1RK1
11,00044,00044,r4r2/pp2ppk1/6q1/3Pb1p1/2R1P1B1/8/P4P1P/3Q1RK1
11,00045,00045,r4r2/pp2ppk1/6q1/3Pb1p1/2R1P1B1/5Q2/P4P1P/5RK1
11,00046,00046,r4r2/pp2ppk1/5q2/3Pb1p1/2R1P1B1/5Q2/P4P1P/5RK1
11,00047,00047,r4r2/pp2ppk1/5Q2/3Pb1p1/2R1P1B1/8/P4P1P/5RK1
11,00048,00048,r4r2/pp2pp2/5k2/3Pb1p1/2R1P1B1/8/P4P1P/5RK1
11,00049,00049,r4r2/pp2pp2/5k2/3Pb1p1/2R1P1B1/8/P4P1P/1R4K1
11,00050,00050,r4r2/p3pp2/1p3k2/3Pb1p1/2R1P1B1/8/P4P1P/1R4K1
11,00051,00051,r4r2/p3pp2/1p3k2/3Pb1p1/P1R1P1B1/8/5P1P/1R4K1
11,00052,00052,1r3r2/p3pp2/1p3k2/3Pb1p1/P1R1P1B1/8/5P1P/1R4K1
11,00053,00053,1r3r2/p3pp2/1p3k2/3Pb1p1/P1R1P1B1/7P/5P2/1R4K1
11,00054,00054,1r3r2/p3pp2/1p1b1k2/3P2p1/P1R1P1B1/7P/5P2/1R4K1
11,00055,00055,1r3r2/p3pp2/1p1b1k2/3P2p1/P1R1P3/7P/4BP2/1R4K1
11,00056,00056,2r2r2/p3pp2/1p1b1k2/3P2p1/P1R1P3/7P/4BP2/1R4K1
11,00057,00057,2r2r2/p3pp2/1pRb1k2/3P2p1/P3P3/7P/4BP2/1R4K1
11,00058,00058,2r2r2/p3pp2/1pRb4/3Pk1p1/P3P3/7P/4BP2/1R4K1
11,00059,00059,2r2r2/p3pp2/1pRb4/3Pk1p1/P3P3/3B3P/5P2/1R4K1
11,00060,00060,5r2/p3pp2/1prb4/3Pk1p1/P3P3/3B3P/5P2/1R4K1
11,00061,00061,5r2/p3pp2/1pPb4/4k1p1/P3P3/3B3P/5P2/1R4K1
11,00062,00062,2r5/p3pp2/1pPb4/4k1p1/P3P3/3B3P/5P2/1R4K1
11,00063,00063,2r5/p3pp2/1pPb4/1B2k1p1/P3P3/7P/5P2/1R4K1
11,00064,00064,2r5/p3pp2/1pPb4/1B4p1/P3k3/7P/5P2/1R4K1
11,00065,00065,2r5/p3pp2/1pPb4/1B4p1/P3k3/7P/5PK1/1R6
11,00066,00066,2r5/p3pp2/1pPb4/1B2k1p1/P7/7P/5PK1/1R6
11,00067,00067,2r5/p3pp2/1pPb4/1B2k1p1/P7/7P/5PK1/3R4
11,00068,00068,2r5/4pp2/ppPb4/1B2k1p1/P7/7P/5PK1/3R4
11,00069,00069,2r5/4pp2/BpPb4/4k1p1/P7/7P/5PK1/3R4
11,00070,00070,8/4pp2/Bprb4/4k1p1/P7/7P/5PK1/3R4
11,00071,00071,8/4pp2/Bprb4/4k1p1/P7/7P/5PK1/4R3
11,00072,00072,8/4pp2/Bprb1k2/6p1/P7/7P/5PK1/4R3
11,00073,00073,8/4pp2/1prb1k2/1B4p1/P7/7P/5PK1/4R3
11,00074,00074,8/4pp2/1p1b1k2/1B4p1/P7/7P/2r2PK1/4R3
11,00075,00075,8/4pp2/1p1b1k2/1B4p1/P7/7P/2r1RPK1/8
11,00076,00076,8/4pp2/1p1b1k2/1B4p1/P7/2r4P/4RPK1/8
11,00077,00077,8/4pp2/1p1b1k2/1B4p1/P7/2r1R2P/5PK1/8
11,00078,00078,8/4pp2/1p1b1k2/1B4p1/P7/4R2P/5PK1/2r5
11,00079,00079,8/4pp2/1p1b1k2/1B4p1/P7/5R1P/5PK1/2r5
11,00080,00080,8/4ppk1/1p1b4/1B4p1/P7/5R1P/5PK1/2r5
11,00081,00081,4B3/4ppk1/1p1b4/6p1/P7/5R1P/5PK1/2r5
11,00082,00082,4B3/4p1k1/1p1b1p2/6p1/P7/5R1P/5PK1/2r5
11,00083,00083,4B3/4p1k1/1p1b1p2/6p1/P7/4R2P/5PK1/2r5
11,00084,00084,4B3/4p1k1/1p1b1p2/2r3p1/P7/4R2P/5PK1/8
11,00085,00085,8/4p1k1/1p1b1p2/1Br3p1/P7/4R2P/5PK1/8
11,00086,00086,8/4p1k1/1p3p2/1Br1b1p1/P7/4R2P/5PK1/8
11,00087,00087,8/4p1k1/1p3p2/1Br1b1p1/P7/7P/4RPK1/8
11,00088,00088,8/4p1k1/1p6/1Br1bpp1/P7/7P/4RPK1/8
11,00089,00089,8/4p1k1/1p6/2r1bpp1/P7/3B3P/4RPK1/8
11,00090,00090,8/6k1/1p2p3/2r1bpp1/P7/3B3P/4RPK1/8
11,00091,00091,8/6k1/1p2p3/2r1bpp1/P7/3B3P/2R2PK1/8
11,00092,00092,8/6k1/1p2p3/2r2pp1/P7/2bB3P/2R2PK1/8
11,00093,00093,8/6k1/1p2p3/1Br2pp1/P7/2b4P/2R2PK1/8
11,00094,00094,8/8/1p2pk2/1Br2pp1/P7/2b4P/2R2PK1/8
11,00095,00095,8/8/1p2pk2/1Br2pp1/P7/2b2K1P/2R2P2/8
11,00096,00096,8/8/1p3k2/1Br1ppp1/P7/2b2K1P/2R2P2/8
11,00097,00097,8/8/1p3k2/1Br1ppp1/P7/2b4P/2R1KP2/8
11,00098,00098,8/8/1p3k2/1Br2pp1/P3p3/2b4P/2R1KP2/8
11,00099,00099,8/8/1p3k2/1Br2pp1/P3p3/2b2P1P/2R1K3/8
11,00100,00100,8/8/1p6/1Br1kpp1/P3p3/2b2P1P/2R1K3/8
11,00101,00101,8/8/1p6/1Br1kpp1/P3P3/2b4P/2R1K3/8
11,00102,00102,8/8/1p6/1Br1k1p1/P3p3/2b4P/2R1K3/8
11,00103,00103,8/8/1p6/1Br1k1p1/P3p3/2b4P/4K3/2R5
11,00104,00104,8/8/1p6/1Br1k1p1/Pb2p3/7P/4K3/2R5
11,00105,00105,8/8/1p6/1Br1k1p1/PbR1p3/7P/4K3/8
11,00106,00106,8/8/1p6/bBr1k1p1/P1R1p3/7P/4K3/8
11,00107,00107,8/8/1p6/bBr1k1p1/P1R1p3/4K2P/8/8
11,00108,00108,8/8/1p6/bBrk2p1/P1R1p3/4K2P/8/8
11,00109,00109,8/8/1p6/bBrk2p1/P2Rp3/4K2P/8/8
12,00001,00001,rnbqkbnr/pppppppp/8/8/2P5/8/PP1PPPPP/RNBQKBNR
12,00002,00002,rnbqkb1r/pppppppp/5n2/8/2P5/8/PP1PPPPP/RNBQKBNR
12,00003,00003,rnbqkb1r/pppppppp/5n2/8/2P5/5N2/PP1PPPPP/RNBQKB1R
12,00004,00004,rnbqkb1r/pppppp1p/5np1/8/2P5/5N2/PP1PPPPP/RNBQKB1R
12,00005,00005,rnbqkb1r/pppppp1p/5np1/8/2P5/2N2N2/PP1PPPPP/R1BQKB1R
12,00006,00006,rnbqk2r/ppppppbp/5np1/8/2P5/2N2N2/PP1PPPPP/R1BQKB1R
12,00007,00007,rnbqk2r/ppppppbp/5np1/8/2P5/2N2NP1/PP1PPP1P/R1BQKB1R
12,00008,00008,rnbq1rk1/ppppppbp/5np1/8/2P5/2N2NP1/PP1PPP1P/R1BQKB1R
12,00009,00009,rnbq1rk1/ppppppbp/5np1/8/2P5/2N2NP1/PP1PPPBP/R1BQK2R
12,00010,00010,rnbq1rk1/ppp1ppbp/5np1/3p4/2P5/2N2NP1/PP1PPPBP/R1BQK2R
12,00011,00011,rnbq1rk1/ppp1ppbp/5np1/3P4/8/2N2NP1/PP1PPPBP/R1BQK2R
12,00012,00012,rnbq1rk1/ppp1ppbp/6p1/3n4/8/2N2NP1/PP1PPPBP/R1BQK2R
12,00013,00013,rnbq1rk1/ppp1ppbp/6p1/3n4/8/2N2NP1/PP1PPPBP/R1BQ1RK1
12,00014,00014,rnbq1rk1/pp2ppbp/6p1/2pn4/8/2N2NP1/PP1PPPBP/R1BQ1RK1
12,00015,00015,rnbq1rk1/pp2ppbp/6p1/2pN4/8/5NP1/PP1PPPBP/R1BQ1RK1
12,00016,00016,rnb2rk1/pp2ppbp/6p1/2pq4/8/5NP1/PP1PPPBP/R1BQ1RK1
12,00017,00017,rnb2rk1/pp2ppbp/6p1/2pq4/8/3P1NP1/PP2PPBP/R1BQ1RK1
12,00018,00018,r1b2rk1/pp2ppbp/2n3p1/2pq4/8/3P1NP1/PP2PPBP/R1BQ1RK1
12,00019,00019,r1b2rk1/pp2ppbp/2n3p1/2pq4/8/3PBNP1/PP2PPBP/R2Q1RK1
12,00020,00020,r1b2rk1/pp2ppbp/2nq2p1/2p5/8/3PBNP1/PP2PPBP/R2Q1RK1
12,00021,00021,r1b2rk1/pp2ppbp/2nq2p1/2p5/8/3PBNP1/PP2PPBP/2RQ1RK1
12,00022,00022,r1b2rk1/pp2ppbp/3q2p1/2p5/3n4/3PBNP1/PP2PPBP/2RQ1RK1
12,00023,00023,r1b2rk1/pp2ppbp/3q2p1/2p5/3N4/3PB1P1/PP2PPBP/2RQ1RK1
12,00024,00024,r1b2rk1/pp2ppbp/3q2p1/8/3p4/3PB1P1/PP2PPBP/2RQ1RK1
12,00025,00025,r1b2rk1/pp2ppbp/3q2p1/8/3p1B2/3P2P1/PP2PPBP/2RQ1RK1
12,00026,00026,r1b2rk1/pp2pp1p/3q2p1/4b3/3p1B2/3P2P1/PP2PPBP/2RQ1RK1
12,00027,00027,r1b2rk1/pp2pp1p/3q2p1/4b3/3p4/3P2P1/PP1BPPBP/2RQ1RK1
12,00028,00028,r4rk1/pp2pp1p/3qb1p1/4b3/3p4/3P2P1/PP1BPPBP/2RQ1RK1
12,00029,00029,r4rk1/pp2pp1p/3qb1p1/4b3/Q2p4/3P2P1/PP1BPPBP/2R2RK1
12,00030,00030,r4rk1/1p2pp1p/3qb1p1/p3b3/Q2p4/3P2P1/PP1BPPBP/2R2RK1
12,00031,00031,r4rk1/1p2pp1p/3qb1p1/pQ2b3/3p4/3P2P1/PP1BPPBP/2R2RK1
12,00032,00032,5rk1/1p2pp1p/r2qb1p1/pQ2b3/3p4/3P2P1/PP1BPPBP/2R2RK1
12,00033,00033,5rk1/1p2pp1p/r2qb1p1/pQ2b3/3p1P2/3P2P1/PP1BP1BP/2R2RK1
12,00034,00034,5rk1/1p2pp1p/r2qbbp1/pQ6/3p1P2/3P2P1/PP1BP1BP/2R2RK1
12,00035,00035,5rk1/1p2pp1p/r2qbbp1/BQ6/3p1P2/3P2P1/PP2P1BP/2R2RK1
12,00036,00036,5rk1/1p1bpp1p/r2q1bp1/BQ6/3p1P2/3P2P1/PP2P1BP/2R2RK1
12,00037,00037,5rk1/1p1bpp1p/r2q1bp1/B7/1Q1p1P2/3P2P1/PP2P1BP/2R2RK1
12,00038,00038,5rk1/1p1bpp1p/r3qbp1/B7/1Q1p1P2/3P2P1/PP2P1BP/2R2RK1
12,00039,00039,5rk1/1p1bpp1p/r3qbp1/B7/3p1P2/3P2P1/PP1QP1BP/2R2RK1
12,00040,00040,r5k1/1p1bpp1p/r3qbp1/B7/3p1P2/3P2P1/PP1QP1BP/2R2RK1
12,00041,00041,r5k1/1p1bpp1p/r3qbp1/8/1B1p1P2/3P2P1/PP1QP1BP/2R2RK1
12,00042,00042,r5k1/1p1bpp1p/4qbp1/8/1B1p1P2/3P2P1/rP1QP1BP/2R2RK1
12,00043,00043,r5k1/1pRbpp1p/4qbp1/8/1B1p1P2/3P2P1/rP1QP1BP/5RK1
12,00044,00044,r5k1/1pR1pp1p/2b1qbp1/8/1B1p1P2/3P2P1/rP1QP1BP/5RK1
12,00045,00045,r5k1/1pR1pp1p/2B1qbp1/8/1B1p1P2/3P2P1/rP1QP2P/5RK1
12,00046,00046,r5k1/2R1pp1p/2p1qbp1/8/1B1p1P2/3P2P1/rP1QP2P/5RK1
12,00047,00047,r5k1/2R1pp1p/2p1qbp1/8/1B1p1P2/3P2P1/rPQ1P2P/5RK1
12,00048,00048,r5k1/2R1pp1p/2p1qbp1/8/1B1p1P2/3P2P1/1PQ1P2P/r4RK1
12,00049,00049,r5k1/2R1pp1p/2p1qbp1/8/3p1P2/B2P2P1/1PQ1P2P/r4RK1
12,00050,00050,6k1/2R1pp1p/2p1qbp1/8/3p1P2/r2P2P1/1PQ1P2P/r4RK1
12,00051,00051,6k1/2R1pp1p/2p1qbp1/8/3p1P2/P2P2P1/2Q1P2P/r4RK1
12,00052,00052,6k1/2R1pp1p/2p1qbp1/8/3p1P2/P2P2P1/r1Q1P2P/5RK1
12,00053,00053,6k1/2R1pp1p/2p1qbp1/8/3p1P2/P2P2P1/r3P2P/3Q1RK1
12,00054,00054,6k1/2R1pp1p/2p1qbp1/8/3p1P2/P2P2P1/4r2P/3Q1RK1
12,00055,00055,6k1/4pp1p/2R1qbp1/8/3p1P2/P2P2P1/4r2P/3Q1RK1
12,00056,00056,6k1/4pp1p/2R2bp1/8/3p1P2/P2P2P1/q3r2P/3Q1RK1
12,00057,00057,6k1/4pp1p/2R2bp1/8/3p1P2/P2P1RP1/q3r2P/3Q2K1
12,00058,00058,6k1/4pp1p/2R2bp1/8/3p1P2/P2P1RP1/q5rP/3Q2K1
12,00059,00059,6k1/4pp1p/2R2bp1/8/3p1P2/P2P1RP1/q5rP/3Q1K2
12,00060,00060,6k1/4pp1p/2R2bp1/8/3p1P2/P2P1RP1/q6r/3Q1K2
12,00061,00061,6k1/4pp1p/2R2bp1/8/3p1P2/P2P1RP1/q6r/3QK3
12,00062,00062,6k1/4pp1p/2R2bp1/8/3p1P2/P2P1RP1/6qr/3QK3
12,00063,00063,2R3k1/4pp1p/5bp1/8/3p1P2/P2P1RP1/6qr/3QK3
12,00064,00064,2R5/4ppkp/5bp1/8/3p1P2/P2P1RP1/6qr/3QK3
13,00001,00001,rnbqkbnr/pppppppp/8/8/4P3/8/PPPP1PPP/RNBQKBNR
13,00002,00002,rnbqkbnr/pppp1ppp/8/4p3/4P3/8/PPPP1PPP/RNBQKBNR
13,00003,00003,rnbqkbnr/pppp1ppp/8/4p3/4P3/5N2/PPPP1PPP/RNBQKB1R
13,00004,00004,r1bqkbnr/pppp1ppp/2n5/4p3/4P3/5N2/PPPP1PPP/RNBQKB1R
13,00005,00005,r1bqkbnr/pppp1ppp/2n5/1B2p3/4P3/5N2/PPPP1PPP/RNBQK2R
13,00006,00006,r1bqkb1r/pppp1ppp/2n2n2/1B2p3/4P3/5N2/PPPP1PPP/RNBQK2R
13,00007,00007,r1bqkb1r/pppp1ppp/2n2n2/1B2p3/4P3/5N2/PPPP1PPP/RNBQ1RK1
13,00008,00008,r1bqkb1r/pppp1ppp/2n5/1B2p3/4n3/5N2/PPPP1PPP/RNBQ1RK1
13,00009,00009,r1bqkb1r/pppp1ppp/2n5/1B2p3/4n3/5N2/PPPP1PPP/RNBQR1K1
13,00010,00010,r1bqkb1r/pppp1ppp/2nn4/1B2p3/8/5N2/PPPP1PPP/RNBQR1K1
13,00011,00011,r1bqkb1r/pppp1ppp/2nn4/1B2N3/8/8/PPPP1PPP/RNBQR1K1
13,00012,00012,r1bqk2r/ppppbppp/2nn4/1B2N3/8/8/PPPP1PPP/RNBQR1K1
13,00013,00013,r1bqk2r/ppppbppp/2nn4/4N3/B7/8/PPPP1PPP/RNBQR1K1
13,00014,00014,r1bqk2r/ppppbppp/3n4/4n3/B7/8/PPPP1PPP/RNBQR1K1
13,00015,00015,r1bqk2r/ppppbppp/3n4/4R3/B7/8/PPPP1PPP/RNBQ2K1
13,00016,00016,r1bq1rk1/ppppbppp/3n4/4R3/B7/8/PPPP1PPP/RNBQ2K1
13,00017,00017,r1bq1rk1/ppppbppp/3n4/4R3/B2P4/8/PPP2PPP/RNBQ2K1
13,00018,00018,r1bq1rk1/pppp1ppp/3n1b2/4R3/B2P4/8/PPP2PPP/RNBQ2K1
13,00019,00019,r1bq1rk1/pppp1ppp/3n1b2/8/B2P4/8/PPP2PPP/RNBQR1K1
13,00020,00020,r1bq1rk1/pppp1ppp/5b2/5n2/B2P4/8/PPP2PPP/RNBQR1K1
13,00021,00021,r1bq1rk1/pppp1ppp/5b2/5n2/B2P4/2P5/PP3PPP/RNBQR1K1
13,00022,00022,r1bq1rk1/ppp2ppp/5b2/3p1n2/B2P4/2P5/PP3PPP/RNBQR1K1
13,00023,00023,r1bq1rk1/ppp2ppp/5b2/3p1n2/B2P1B2/2P5/PP3PPP/RN1QR1K1
13,00024,00024,r1bq1rk1/ppp2ppp/3n1b2/3p4/B2P1B2/2P5/PP3PPP/RN1QR1K1
13,00025,00025,r1bq1rk1/ppp2ppp/3n1b2/3p4/B2P1B2/2P5/PP1N1PPP/R2QR1K1
13,00026,00026,r1bq1rk1/ppp2ppp/3n4/3p2b1/B2P1B2/2P5/PP1N1PPP/R2QR1K1
13,00027,00027,r1bq1rk1/ppp2ppp/3n4/3p2B1/B2P4/2P5/PP1N1PPP/R2QR1K1
13,00028,00028,r1b2rk1/ppp2ppp/3n4/3p2q1/B2P4/2P5/PP1N1PPP/R2QR1K1
13,00029,00029,r1b2rk1/ppp2ppp/3n4/3pR1q1/B2P4/2P5/PP1N1PPP/R2Q2K1
13,00030,00030,r4rk1/ppp2ppp/3n4/3pRbq1/B2P4/2P5/PP1N1PPP/R2Q2K1
13,00031,00031,r4rk1/ppp2ppp/3n4/3R1bq1/B2P4/2P5/PP1N1PPP/R2Q2K1
13,00032,00032,r4rk1/ppp3pp/3n1p2/3R1bq1/B2P4/2P5/PP1N1PPP/R2Q2K1
13,00033,00033,r4rk1/pppB2pp/3n1p2/3R1bq1/3P4/2P5/PP1N1PPP/R2Q2K1
13,00034,00034,r4rk1/pppB2pp/3n1pq1/3R1b2/3P4/2P5/PP1N1PPP/R2Q2K1
13,00035,00035,r4rk1/ppp3pp/3n1pq1/3R1B2/3P4/2P5/PP1N1PPP/R2Q2K1
13,00036,00036,r4rk1/ppp3pp/5pq1/3R1n2/3P4/2P5/PP1N1PPP/R2Q2K1
13,00037,00037,r4rk1/ppp3pp/5pq1/3R1n2/3P4/2P5/PPQN1PPP/R5K1
13,00038,00038,r4rk1/ppp3pp/3n1pq1/3R4/3P4/2P5/PPQN1PPP/R5K1
13,00039,00039,r4rk1/ppp3pp/3n1pQ1/3R4/3P4/2P5/PP1N1PPP/R5K1
13,00040,00040,r4rk1/ppp3p1/3n1pp1/3R4/3P4/2P5/PP1N1PPP/R5K1
13,00041,00041,r4rk1/ppp3p1/3n1pp1/R7/3P4/2P5/PP1N1PPP/R5K1
13,00042,00042,r2r2k1/ppp3p1/3n1pp1/R7/3P4/2P5/PP1N1PPP/R5K1
13,00043,00043,r2r2k1/ppp3p1/3n1pp1/R7/3P4/2P5/PP1N1PPP/4R1K1
13,00044,00044,r2r4/ppp2kp1/3n1pp1/R7/3P4/2P5/PP1N1PPP/4R1K1
13,00045,00045,r2r4/ppp2kp1/3n1pp1/R7/3P4/2P2N2/PP3PPP/4R1K1
13,00046,00046,r2r4/pp3kp1/2pn1pp1/R7/3P4/2P2N2/PP3PPP/4R1K1
13,00047,00047,r2r4/pp3kp1/2pn1pp1/8/3P4/R1P2N2/PP3PPP/4R1K1
13,00048,00048,r2r4/pp3kp1/2p2pp1/8/2nP4/R1P2N2/PP3PPP/4R1K1
13,00049,00049,r2r4/pp3kp1/2p2pp1/8/R1nP4/2P2N2/PP3PPP/4R1K1
13,00050,00050,r2r4/p4kp1/2p2pp1/1p6/R1nP4/2P2N2/PP3PPP/4R1K1
13,00051,00051,r2r4/p4kp1/R1p2pp1/1p6/2nP4/2P2N2/PP3PPP/4R1K1
13,00052,00052,r2r4/p4kp1/R1p2pp1/1p6/3P4/2P2N2/Pn3PPP/4R1K1
13,00053,00053,r2r4/p4kp1/2R2pp1/1p6/3P4/2P2N2/Pn3PPP/4R1K1
13,00054,00054,2rr4/p4kp1/2R2pp1/1p6/3P4/2P2N2/Pn3PPP/4R1K1
13,00055,00055,2rr4/p4kp1/2R2pp1/1p1P4/8/2P2N2/Pn3PPP/4R1K1
13,00056,00056,3r4/p4kp1/2r2pp1/1p1P4/8/2P2N2/Pn3PPP/4R1K1
13,00057,00057,3r4/p4kp1/2P2pp1/1p6/8/2P2N2/Pn3PPP/4R1K1
13,00058,00058,3r4/p4kp1/2P2pp1/1p6/n7/2P2N2/P4PPP/4R1K1
13,00059,00059,3r4/p4kp1/2P2pp1/1p6/n7/2P2N2/P4PPP/2R3K1
13,00060,00060,3r4/p4kp1/1nP2pp1/1p6/8/2P2N2/P4PPP/2R3K1
13,00061,00061,3r4/p4kp1/1nP2pp1/1p6/8/2P2N2/P4PPP/2R2K2
13,00062,00062,3r4/5kp1/pnP2pp1/1p6/8/2P2N2/P4PPP/2R2K2
13,00063,00063,3r4/5kp1/pnP2pp1/1p6/3N4/2P5/P4PPP/2R2K2
13,00064,00064,3r4/5kp1/p1P2pp1/1p6/2nN4/2P5/P4PPP/2R2K2
13,00065,00065,3r4/5kp1/p1P2pp1/1p6/2nN4/2P5/P3KPPP/2R5
13,00066,00066,2r5/5kp1/p1P2pp1/1p6/2nN4/2P5/P3KPPP/2R5
13,00067,00067,2r5/5kp1/p1P2pp1/1p6/P1nN4/2P5/4KPPP/2R5
13,00068,00068,2r5/5kp1/p1P2pp1/8/p1nN4/2P5/4KPPP/2R5
13,00069,00069,2r5/5kp1/p1P2pp1/8/p1nN4/2P5/4KPPP/R7
13,00070,00070,2r5/5kp1/p1P2pp1/8/2nN4/p1P5/4KPPP/R7
13,00071,00071,2r5/5kp1/p1P2pp1/8/2nN1P2/p1P5/4K1PP/R7
13,00072,00072,2r5/5kp1/p1P2pp1/n7/3N1P2/p1P5/4K1PP/R7
13,00073,00073,2r5/5kp1/p1P2pp1/n7/3N1P2/R1P5/4K1PP/8
13,00074,00074,2r5/5kp1/p1n2pp1/8/3N1P2/R1P5/4K1PP/8
13,00075,00075,2r5/5kp1/R1n2pp1/8/3N1P2/2P5/4K1PP/8
13,00076,00076,2r5/4nkp1/R4pp1/8/3N1P2/2P5/4K1PP/8
13,00077,00077,2r5/4nkp1/R4pp1/1N6/5P2/2P5/4K1PP/8
13,00078,00078,8/4nkp1/R4pp1/1Nr5/5P2/2P5/4K1PP/8
13,00079,00079,8/4nkp1/R4pp1/1Nr5/2P2P2/8/4K1PP/8
13,00080,00080,8/5kp1/R1n2pp1/1Nr5/2P2P2/8/4K1PP/8
13,00081,00081,R7/5kp1/2n2pp1/1Nr5/2P2P2/8/4K1PP/8
13,00082,00082,R7/5kp1/2n2p2/1Nr3p1/2P2P2/8/4K1PP/8
13,00083,00083,R7/5kp1/2n2p2/1Nr3P1/2P5/8/4K1PP/8
13,00084,00084,R7/5kp1/2n2p2/1N4r1/2P5/8/4K1PP/8
13,00085,00085,2R5/5kp1/2n2p2/1N4r1/2P5/8/4K1PP/8
13,00086,00086,2R5/4nkp1/5p2/1N4r1/2P5/8/4K1PP/8
13,00087,00087,8/2R1nkp1/5p2/1N4r1/2P5/8/4K1PP/8
13,00088,00088,8/2R1nkp1/5p2/1N6/2P5/8/4K1rP/8
13,00089,00089,8/2R1nkp1/5p2/1N6/2P5/3K4/6rP/8
13,00090,00090,8/2R1nkp1/5p2/1N6/2P5/3K4/7r/8
13,00091,00091,8/2R1nkp1/5p2/1NP5/8/3K4/7r/8
13,00092,00092,8/2R1nkp1/8/1NP2p2/8/3K4/7r/8
13,00093,00093,8/2R1nkp1/8/2P2p2/3N4/3K4/7r/8
13,00094,00094,8/2R1n1p1/5k2/2P2p2/3N4/3K4/7r/8
13,00095,00095,8/3Rn1p1/5k2/2P2p2/3N4/3K4/7r/8
13,00096,00096,8/3Rn1p1/5k2/2P2p2/3N4/3K3r/8/8
13,00097,00097,8/3Rn1p1/5k2/2P2p2/2KN4/7r/8/8
13,00098,00098,8/3Rn1p1/5k2/2P2p2/2KN4/4r3/8/8
13,00099,00099,8/3Rn1p1/2P2k2/5p2/2KN4/4r3/8/8
13,00100,00100,8/3R2p1/2n2k2/5p2/2KN4/4r3/8/8
13,00101,00101,8/3R2p1/2N2k2/5p2/2K5/4r3/8/8
13,00102,00102,8/3R4/2N2kp1/5p2/2K5/4r3/8/8
13,00103,00103,8/8/2NR1kp1/5p2/2K5/4r3/8/8
13,00104,00104,8/8/2NR2p1/5pk1/2K5/4r3/8/8
13,00105,00105,8/8/2NR2p1/5pk1/3K4/4r3/8/8
13,00106,00106,8/8/2NR2p1/5pk1/3Kr3/8/8/8
13,00107,00107,8/8/2NR2p1/5pk1/4r3/3K4/8/8
13,00108,00108,8/8/2NR2p1/5p1k/4r3/3K4/8/8
13,00109,00109,8/8/3R2p1/5p1k/3Nr3/3K4/8/8
13,00110,00110,8/4r3/3R2p1/5p1k/3N4/3K4/8/8
13,00111,00111,8/4r3/5Rp1/5p1k/3N4/3K4/8/8
13,00112,00112,8/8/5Rp1/4rp1k/3N4/3K4/8/8
13,00113,00113,8/8/4R1p1/4rp1k/3N4/3K4/8/8
13,00114,00114,8/8/4R1p1/r4p1k/3N4/3K4/8/8
13,00115,00115,8/8/4R1p1/r4p1k/3N4/4K3/8/8
13,00116,00116,8/8/4R3/r4ppk/3N4/4K3/8/8
13,00117,00117,8/8/4R3/r4ppk/3N4/5K2/8/8
13,00118,00118,8/8/4R3/r5pk/3N1p2/5K2/8/8
13,00119,00119,8/8/8/r5pk/3N1p2/5K2/8/4R3
13,00120,00120,8/8/8/6pk/3N1p2/r4K2/8/4R3
13,00121,00121,8/8/8/6pk/3NKp2/r7/8/4R3
13,00122,00122,8/8/6k1/6p1/3NKp2/r7/8/4R3
13,00123,00123,8/8/2N3k1/6p1/4Kp2/r7/8/4R3
13,00124,00124,8/8/2N3k1/6p1/r3Kp2/8/8/4R3
13,00125,00125,8/8/2N3k1/6p1/r4p2/5K2/8/4R3
13,00126,00126,8/8/2N2k2/6p1/r4p2/5K2/8/4R3
13,00127,00127,8/8/2N2k2/6p1/r4pK1/8/8/4R3
13,00128,00128,8/8/2N2k2/6p1/5pK1/r7/8/4R3
13,00129,00129,8/8/2N2k2/6p1/5pK1/r7/8/6R1
13,00130,00130,8/8/2N2k2/6p1/5pK1/8/r7/6R1
13,00131,00131,8/8/5k2/6p1/3N1pK1/8/r7/6R1
14,00001,00001,rnbqkbnr/pppppppp/8/8/4P3/8/PPPP1PPP/RNBQKBNR
14,00002,00002,rnbqkbnr/pppp1ppp/8/4p3/4P3/8/PPPP1PPP/RNBQKBNR
14,00003,00003,rnbqkbnr/pppp1ppp/8/4p3/4P3/5N2/PPPP1PPP/RNBQKB1R
14,00004,00004,r1bqkbnr/pppp1ppp/2n5/4p3/4P3/5N2/PPPP1PPP/RNBQKB1R
14,00005,00005,r1bqkbnr/pppp1ppp/2n5/1B2p3/4P3/5N2/PPPP1PPP/RNBQK2R
14,00006,00006,r1bqkb1r/pppp1ppp/2n2n2/1B2p3/4P3/5N2/PPPP1PPP/RNBQK2R
14,00007,00007,r1bqkb1r/pppp1ppp/2n2n2/1B2p3/4P3/5N2/PPPP1PPP/RNBQ1RK1
14,00008,00008,r1bqkb1r/pppp1ppp/2n5/1B2p3/4n3/5N2/PPPP1PPP/RNBQ1RK1
14,00009,00009,r1bqkb1r/pppp1ppp/2n5/1B2p3/4n3/5N2/PPPP1PPP/RNBQR1K1
14,00010,00010,r1bqkb1r/pppp1ppp/2nn4/1B2p3/8/5N2/PPPP1PPP/RNBQR1K1
14,00011,00011,r1bqkb1r/pppp1ppp/2nn4/1B2N3/8/8/PPPP1PPP/RNBQR1K1
14,00012,00012,r1bqk2r/ppppbppp/2nn4/1B2N3/8/8/PPPP1PPP/RNBQR1K1
14,00013,00013,r1bqk2r/ppppbppp/2nn4/4N3/8/8/PPPP1PPP/RNBQRBK1
14,00014,00014,r1bqk2r/ppppbppp/3n4/4n3/8/8/PPPP1PPP/RNBQRBK1
14,00015,00015,r1bqk2r/ppppbppp/3n4/4R3/8/8/PPPP1PPP/RNBQ1BK1
14,00016,00016,r1bq1rk1/ppppbppp/3n4/4R3/8/8/PPPP1PPP/RNBQ1BK1
14,00017,00017,r1bq1rk1/ppppbppp/3n4/4R3/3P4/8/PPP2PPP/RNBQ1BK1
14,00018,00018,r1bq1rk1/pppp1ppp/3n1b2/4R3/3P4/8/PPP2PPP/RNBQ1BK1
14,00019,00019,r1bq1rk1/pppp1ppp/3n1b2/8/3P4/8/PPP2PPP/RNBQRBK1
14,00020,00020,r1bqr1k1/pppp1ppp/3n1b2/8/3P4/8/PPP2PPP/RNBQRBK1
14,00021,00021,r1bqr1k1/pppp1ppp/3n1b2/8/3P4/2P5/PP3PPP/RNBQRBK1
14,00022,00022,r1bq2k1/pppp1ppp/3n1b2/8/3P4/2P5/PP3PPP/RNBQrBK1
14,00023,00023,r1bq2k1/pppp1ppp/3n1b2/8/3P4/2P5/PP3PPP/RNB1QBK1
14,00024,00024,r1b1q1k1/pppp1ppp/3n1b2/8/3P4/2P5/PP3PPP/RNB1QBK1
14,00025,00025,r1b1Q1k1/pppp1ppp/3n1b2/8/3P4/2P5/PP3PPP/RNB2BK1
14,00026,00026,r1b1n1k1/pppp1ppp/5b2/8/3P4/2P5/PP3PPP/RNB2BK1
14,00027,00027,r1b1n1k1/pppp1ppp/5b2/8/3P1B2/2P5/PP3PPP/RN3BK1
14,00028,00028,r1b1n1k1/ppp2ppp/5b2/3p4/3P1B2/2P5/PP3PPP/RN3BK1
14,00029,00029,r1b1n1k1/ppp2ppp/5b2/3p4/3P1B2/2PB4/PP3PPP/RN4K1
14,00030,00030,r1b1n1k1/ppp1bppp/8/3p4/3P1B2/2PB4/PP3PPP/RN4K1
14,00031,00031,r1b1n1k1/ppp1bppp/8/3p4/3P1B2/2PB4/PP1N1PPP/R5K1
14,00032,00032,r1b1n1k1/ppp2ppp/3b4/3p4/3P1B2/2PB4/PP1N1PPP/R5K1
14,00033,00033,r1b1n1k1/ppp2ppp/3b4/3p4/3P1B2/2PB4/PP1N1PPP/4R1K1
14,00034,00034,r3n1k1/ppp2ppp/3bb3/3p4/3P1B2/2PB4/PP1N1PPP/4R1K1
14,00035,00035,r3n1k1/ppp2ppp/3bb3/3pB3/3P4/2PB4/PP1N1PPP/4R1K1
14,00036,00036,r3n1k1/ppp2ppp/4b3/3pb3/3P4/2PB4/PP1N1PPP/4R1K1
14,00037,00037,r3n1k1/ppp2ppp/4b3/3pP3/8/2PB4/PP1N1PPP/4R1K1
14,00038,00038,r3n1k1/ppp2p1p/4b1p1/3pP3/8/2PB4/PP1N1PPP/4R1K1
14,00039,00039,r3n1k1/ppp2p1p/4b1p1/3pP3/8/1NPB4/PP3PPP/4R1K1
14,00040,00040,r3n1k1/p1p2p1p/1p2b1p1/3pP3/8/1NPB4/PP3PPP/4R1K1
14,00041,00041,r3n1k1/p1p2p1p/1p2b1p1/3pP3/5P2/1NPB4/PP4PP/4R1K1
14,00042,00042,r3n1k1/p4p1p/1p2b1p1/2ppP3/5P2/1NPB4/PP4PP/4R1K1
14,00043,00043,r3n1k1/p4p1p/1p2b1p1/2ppP3/5P2/2PB4/PP1N2PP/4R1K1
14,00044,00044,r3n3/p4pkp/1p2b1p1/2ppP3/5P2/2PB4/PP1N2PP/4R1K1
14,00045,00045,r3n3/p4pkp/1p2b1p1/2ppP3/5P2/2PB3P/PP1N2P1/4R1K1
14,00046,00046,r3n3/p5kp/1p2bpp1/2ppP3/5P2/2PB3P/PP1N2P1/4R1K1
14,00047,00047,r3n3/p5kp/1p2bpp1/2ppP3/5PP1/2PB3P/PP1N4/4R1K1
14,00048,00048,r3n3/p5kp/1p2b1p1/2ppp3/5PP1/2PB3P/PP1N4/4R1K1
14,00049,00049,r3n3/p5kp/1p2b1p1/2ppR3/5PP1/2PB3P/PP1N4/6K1
14,00050,00050,r3n3/p6p/1p2bkp1/2ppR3/5PP1/2PB3P/PP1N4/6K1
14,00051,00051,r3n3/p6p/1p2bkp1/2ppR3/5PP1/2PB1N1P/PP6/6K1
14,00052,00052,r7/p1n4p/1p2bkp1/2ppR3/5PP1/2PB1N1P/PP6/6K1
14,00053,00053,r7/p1n4p/1p2bkp1/2ppR3/5PP1/2PB1N1P/PP3K2/8
14,00054,00054,4r3/p1n4p/1p2bkp1/2ppR3/5PP1/2PB1N1P/PP3K2/8
14,00055,00055,4r3/p1n4p/1p2bkp1/2ppR3/5PP1/2PB1NKP/PP6/8
14,00056,00056,4r3/p1n2b1p/1p3kp1/2ppR3/5PP1/2PB1NKP/PP6/8
14,00057,00057,4r3/p1n2b1p/1p3kp1/2ppR3/5PPP/2PB1NK1/PP6/8
14,00058,00058,4r3/p1n2b2/1p3kpp/2ppR3/5PPP/2PB1NK1/PP6/8
14,00059,00059,4R3/p1n2b2/1p3kpp/2pp4/5PPP/2PB1NK1/PP6/8
14,00060,00060,4b3/p1n5/1p3kpp/2pp4/5PPP/2PB1NK1/PP6/8
14,00061,00061,4b3/p1n5/1p3kpp/2pp2P1/5P1P/2PB1NK1/PP6/8
14,00062,00062,4b3/p1n5/1p3kp1/2pp2p1/5P1P/2PB1NK1/PP6/8
14,00063,00063,4b3/p1n5/1p3kp1/2pp2P1/5P2/2PB1NK1/PP6/8
14,00064,00064,4b3/p1n3k1/1p4p1/2pp2P1/5P2/2PB1NK1/PP6/8
14,00065,00065,4b3/p1n3k1/1p4p1/2ppN1P1/5P2/2PB2K1/PP6/8
14,00066,00066,4b3/p5k1/1p2n1p1/2ppN1P1/5P2/2PB2K1/PP6/8
14,00067,00067,4b3/p5k1/1p2n1p1/2ppN1P1/5PK1/2PB4/PP6/8
14,00068,00068,3nb3/p5k1/1p4p1/2ppN1P1/5PK1/2PB4/PP6/8
14,00069,00069,3nb3/p5k1/1p4p1/2ppN1P1/5P2/2PB1K2/PP6/8
14,00070,00070,4b3/p5k1/1pn3p1/2ppN1P1/5P2/2PB1K2/PP6/8
14,00071,00071,4b3/p5k1/1pn3p1/2pp2P1/5PN1/2PB1K2/PP6/8
14,00072,00072,4b3/p3n1k1/1p4p1/2pp2P1/5PN1/2PB1K2/PP6/8
14,00073,00073,4b3/p3n1k1/1p4p1/2pp2P1/5PN1/2PBK3/PP6/8
14,00074,00074,8/p2bn1k1/1p4p1/2pp2P1/5PN1/2PBK3/PP6/8
14,00075,00075,8/p2bn1k1/1p3Np1/2pp2P1/5P2/2PBK3/PP6/8
14,00076,00076,8/p3n1k1/1pb2Np1/2pp2P1/5P2/2PBK3/PP6/8
14,00077,00077,8/p3n1k1/1pb3p1/2pp2P1/5PN1/2PBK3/PP6/8
14,00078,00078,4b3/p3n1k1/1p4p1/2pp2P1/5PN1/2PBK3/PP6/8
14,00079,00079,4b3/p3n1k1/1p4p1/2ppN1P1/5P2/2PBK3/PP6/8
14,00080,00080,4b1k1/p3n3/1p4p1/2ppN1P1/5P2/2PBK3/PP6/8
14,00081,00081,4b1k1/p3n3/1p4p1/2ppN1P1/1P3P2/2PBK3/P7/8
14,00082,00082,4b3/p3n1k1/1p4p1/2ppN1P1/1P3P2/2PBK3/P7/8
14,00083,00083,4b3/p3n1k1/1p4p1/2PpN1P1/5P2/2PBK3/P7/8
14,00084,00084,4b3/p3n1k1/6p1/2ppN1P1/5P2/2PBK3/P7/8
14,00085,00085,4b3/p3n1k1/6p1/2ppN1P1/5P2/2PB4/P2K4/8
14,00086,00086,4b3/p5k1/2n3p1/2ppN1P1/5P2/2PB4/P2K4/8
14,00087,00087,4b3/p5k1/2n3B1/2ppN1P1/5P2/2P5/P2K4/8
14,00088,00088,8/p5k1/2n3b1/2ppN1P1/5P2/2P5/P2K4/8
14,00089,00089,8/p5k1/2N3b1/2pp2P1/5P2/2P5/P2K4/8
14,00090,00090,8/6k1/p1N3b1/2pp2P1/5P2/2P5/P2K4/8
14,00091,00091,8/6k1/p5b1/2ppN1P1/5P2/2P5/P2K4/8
14,00092,00092,8/6k1/p7/2ppNbP1/5P2/2P5/P2K4/8
14,00093,00093,8/6k1/p7/2ppNbP1/P4P2/2P5/3K4/8
14,00094,00094,5k2/8/p7/2ppNbP1/P4P2/2P5/3K4/8
14,00095,00095,5k2/8/p7/P1ppNbP1/5P2/2P5/3K4/8
14,00096,00096,8/4k3/p7/P1ppNbP1/5P2/2P5/3K4/8
14,00097,00097,8/4k3/p7/P1ppNbP1/5P2/2P1K3/8/8
14,00098,00098,8/8/p3k3/P1ppNbP1/5P2/2P1K3/8/8
14,00099,00099,8/8/p3k3/P1pp1bP1/5P2/2PNK3/8/8
14,00100,00100,8/8/p2k4/P1pp1bP1/5P2/2PNK3/8/8
14,00101,00101,8/8/p2k4/P1pp1bP1/5P2/2P1K3/8/4N3
14,00102,00102,8/8/p3k3/P1pp1bP1/5P2/2P1K3/8/4N3
14,00103,00103,8/8/p3k3/P1pp1bP1/5P2/2P1KN2/8/8
14,00104,00104,8/8/p3k3/P1pp2P1/4bP2/2P1KN2/8/8
14,00105,00105,8/8/p3k3/P1ppN1P1/4bP2/2P1K3/8/8
14,00106,00106,8/8/p3k3/P1ppNbP1/5P2/2P1K3/8/8
14,00107,00107,8/8/p3k3/P1ppNbP1/5P2/2P2K2/8/8
14,00108,00108,8/8/p3k3/P1ppN1P1/4bP2/2P2K2/8/8
14,00109,00109,8/8/p3k3/P1ppN1P1/4bPK1/2P5/8/8
14,00110,00110,8/8/p3k3/P1ppNbP1/5PK1/2P5/8/8
14,00111,00111,8/8/p3k3/P1ppNbP1/5P2/2P3K1/8/8
14,00112,00112,8/4k3/p7/P1ppNbP1/5P2/2P3K1/8/8
14,00113,00113,8/4k3/p7/P1ppNbP1/5P1K/2P5/8/8
14,00114,00114,8/8/p3k3/P1ppNbP1/5P1K/2P5/8/8
14,00115,00115,8/8/p3k3/P1ppNbPK/5P2/2P5/8/8
14,00116,00116,8/8/p3k3/P1p1NbPK/3p1P2/2P5/8/8
14,00117,00117,8/8/p3k3/P1p1NbPK/3P1P2/8/8/8
14,00118,00118,8/8/p3k3/P3NbPK/3p1P2/8/8/8
14,00119,00119,8/8/p3k3/P4bPK/3p1P2/5N2/8/8
14,00120,00120,8/8/p7/P2k1bPK/3p1P2/5N2/8/8
14,00121,00121,8/8/p5P1/P2k1b1K/3p1P2/5N2/8/8
14,00122,00122,8/8/p5P1/P2k1b1K/5P2/3p1N2/8/8
14,00123,00123,8/6P1/p7/P2k1b1K/5P2/3p1N2/8/8
14,00124,00124,8/6Pb/p7/P2k3K/5P2/3p1N2/8/8
14,00125,00125,8/6Pb/p7/P2k4/5PK1/3p1N2/8/8
14,00126,00126,6b1/6P1/p7/P2k4/5PK1/3p1N2/8/8
14,00127,00127,6b1/6P1/p7/P2k4/5PK1/3p4/3N4/8
14,00128,00128,6b1/6P1/p7/P7/3k1PK1/3p4/3N4/8
14,00129,00129,6b1/6P1/p7/P4K2/3k1P2/3p4/3N4/8
14,00130,00130,6b1/6P1/p7/P4K2/5P2/3pk3/3N4/8
14,00131,00131,6b1/6P1/p7/P4K2/5P2/3pk3/8/1N6
14,00132,00132,6b1/6P1/p7/P4K2/5P2/3p4/4k3/1N6
14,00133,00133,6b1/6P1/p7/P3K3/5P2/3p4/4k3/1N6
14,00134,00134,6b1/6P1/p7/P3K3/5P2/3p4/8/1N1k4
14,00135,00135,6b1/6P1/p7/P3K3/5P2/2Np4/8/3k4
14,00136,00136,6b1/6P1/p7/P3K3/5P2/2Np4/2k5/8
14,00137,00137,6b1/6P1/p7/P3K3/4NP2/3p4/2k5/8
14,00138,00138,6b1/6P1/p7/P3K3/4NP2/8/2kp4/8
14,00139,00139,6b1/6P1/p7/P3K3/5P2/8/2kN4/8
14,00140,00140,6b1/6P1/p7/P3K3/5P2/8/3k4/8
14,00141,00141,6b1/6P1/p7/P3KP2/8/8/3k4/8
14,00142,00142,6b1/6P1/p7/P3KP2/8/4k3/8/8
14,00143,00143,6b1/6P1/p4P2/P3K3/8/4k3/8/8
14,00144,00144,6b1/6P1/p4P2/P3K3/8/5k2/8/8
14,00145,00145,6b1/6P1/p2K1P2/P7/8/5k2/8/8
14,00146,00146,6b1/6P1/p2K1P2/P7/6k1/8/8/8
14,00147,00147,6b1/4K1P1/p4P2/P7/6k1/8/8/8
15,00001,00001,rnbqkbnr/pppppppp/8/8/2P5/8/PP1PPPPP/RNBQKBNR
15,00002,00002,rnbqkb1r/pppppppp/5n2/8/2P5/8/PP1PPPPP/RNBQKBNR
15,00003,00003,rnbqkb1r/pppppppp/5n2/8/2P5/2N5/PP1PPPPP/R1BQKBNR
15,00004,00004,rnbqkb1r/ppp1pppp/5n2/3p4/2P5/2N5/PP1PPPPP/R1BQKBNR
15,00005,00005,rnbqkb1r/ppp1pppp/5n2/3P4/8/2N5/PP1PPPPP/R1BQKBNR
15,00006,00006,rnbqkb1r/ppp1pppp/8/3n4/8/2N5/PP1PPPPP/R1BQKBNR
15,00007,00007,rnbqkb1r/ppp1pppp/8/3n4/8/2N3P1/PP1PPP1P/R1BQKBNR
15,00008,00008,rnbqkb1r/ppp1pp1p/6p1/3n4/8/2N3P1/PP1PPP1P/R1BQKBNR
15,00009,00009,rnbqkb1r/ppp1pp1p/6p1/3n4/8/2N3P1/PP1PPPBP/R1BQK1NR
15,00010,00010,rnbqkb1r/ppp1pp1p/1n4p1/8/8/2N3P1/PP1PPPBP/R1BQK1NR
15,00011,00011,rnbqkb1r/ppp1pp1p/1n4p1/8/8/2N2NP1/PP1PPPBP/R1BQK2R
15,00012,00012,rnbqk2r/ppp1ppbp/1n4p1/8/8/2N2NP1/PP1PPPBP/R1BQK2R
15,00013,00013,rnbqk2r/ppp1ppbp/1n4p1/8/8/2N2NP1/PP1PPPBP/R1BQ1RK1
15,00014,00014,rnbq1rk1/ppp1ppbp/1n4p1/8/8/2N2NP1/PP1PPPBP/R1BQ1RK1
15,00015,00015,rnbq1rk1/ppp1ppbp/1n4p1/8/8/2NP1NP1/PP2PPBP/R1BQ1RK1
15,00016,00016,r1bq1rk1/ppp1ppbp/nn4p1/8/8/2NP1NP1/PP2PPBP/R1BQ1RK1
15,00017,00017,r1bq1rk1/ppp1ppbp/nn4p1/8/5B2/2NP1NP1/PP2PPBP/R2Q1RK1
15,00018,00018,r1bq1rk1/pp2ppbp/nnp3p1/8/5B2/2NP1NP1/PP2PPBP/R2Q1RK1
15,00019,00019,r1bq1rk1/pp2ppbp/nnp3p1/8/5B2/2NP1NP1/PP1QPPBP/R4RK1
15,00020,00020,r1bqr1k1/pp2ppbp/nnp3p1/8/5B2/2NP1NP1/PP1QPPBP/R4RK1
15,00021,00021,r1bqr1k1/pp2ppbp/nnp3pB/8/8/2NP1NP1/PP1QPPBP/R4RK1
15,00022,00022,r1bqr1k1/pp3pbp/nnp3pB/4p3/8/2NP1NP1/PP1QPPBP/R4RK1
15,00023,00023,r1bqr1k1/pp3pbp/nnp3pB/4p3/8/1PNP1NP1/P2QPPBP/R4RK1
15,00024,00024,r1bqr1k1/pp4bp/nnp2ppB/4p3/8/1PNP1NP1/P2QPPBP/R4RK1
15,00025,00025,r1bqr1k1/pp4bp/nnp2ppB/4p3/8/1PNP1NP1/P2QPPBP/2R2RK1
15,00026,00026,r2qr1k1/pp4bp/nnp1bppB/4p3/8/1PNP1NP1/P2QPPBP/2R2RK1
15,00027,00027,r2qr1k1/pp4Bp/nnp1bpp1/4p3/8/1PNP1NP1/P2QPPBP/2R2RK1
15,00028,00028,r2qr3/pp4kp/nnp1bpp1/4p3/8/1PNP1NP1/P2QPPBP/2R2RK1
15,00029,00029,r2qr3/pp4kp/nnp1bpp1/4p3/3P4/1PN2NP1/P2QPPBP/2R2RK1
15,00030,00030,r2qr3/pp4kp/nnp1bpp1/8/3p4/1PN2NP1/P2QPPBP/2R2RK1
15,00031,00031,r2qr3/pp4kp/nnp1bpp1/8/3N4/1PN3P1/P2QPPBP/2R2RK1
15,00032,00032,r2qr3/ppn3kp/1np1bpp1/8/3N4/1PN3P1/P2QPPBP/2R2RK1
15,00033,00033,r2qr3/ppn3kp/1np1bpp1/8/3N4/1PN3P1/P2QPPBP/2RR2K1
15,00034,00034,r3r3/ppn1q1kp/1np1bpp1/8/3N4/1PN3P1/P2QPPBP/2RR2K1
15,00035,00035,r3r3/ppn1q1kp/1np1bpp1/8/3NN3/1P4P1/P2QPPBP/2RR2K1
15,00036,00036,r3r3/ppn1qbkp/1np2pp1/8/3NN3/1P4P1/P2QPPBP/2RR2K1
15,00037,00037,r3r3/ppn1qbkp/1npN1pp1/8/3N4/1P4P1/P2QPPBP/2RR2K1
15,00038,00038,r3r3/ppnq1bkp/1npN1pp1/8/3N4/1P4P1/P2QPPBP/2RR2K1
15,00039,00039,r3r3/pNnq1bkp/1np2pp1/8/3N4/1P4P1/P2QPPBP/2RR2K1
15,00040,00040,r3r3/pN1q1bkp/1np2pp1/3n4/3N4/1P4P1/P2QPPBP/2RR2K1
15,00041,00041,r3r3/p2q1bkp/1np2pp1/2Nn4/3N4/1P4P1/P2QPPBP/2RR2K1
15,00042,00042,r1q1r3/p4bkp/1np2pp1/2Nn4/3N4/1P4P1/P2QPPBP/2RR2K1
15,00043,00043,r1q1r3/p4bkp/1np2pp1/2Nn4/3NP3/1P4P1/P2Q1PBP/2RR2K1
15,00044,00044,r1q1r3/p3nbkp/1np2pp1/2N5/3NP3/1P4P1/P2Q1PBP/2RR2K1
15,00045,00045,r1q1r3/p3nbkp/1np2pp1/2N5/3NPQ2/1P4P1/P4PBP/2RR2K1
15,00046,00046,r1q1r3/4nbkp/1np2pp1/p1N5/3NPQ2/1P4P1/P4PBP/2RR2K1
15,00047,00047,r1q1r3/2Q1nbkp/1np2pp1/p1N5/3NP3/1P4P1/P4PBP/2RR2K1
15,00048,00048,1rq1r3/2Q1nbkp/1np2pp1/p1N5/3NP3/1P4P1/P4PBP/2RR2K1
15,00049,00049,1rQ1r3/4nbkp/1np2pp1/p1N5/3NP3/1P4P1/P4PBP/2RR2K1
15,00050,00050,1rr5/4nbkp/1np2pp1/p1N5/3NP3/1P4P1/P4PBP/2RR2K1
15,00051,00051,1rr5/4nbkp/1np2pp1/p1N5/3NP3/1P4PB/P4P1P/2RR2K1
15,00052,00052,1r2r3/4nbkp/1np2pp1/p1N5/3NP3/1P4PB/P4P1P/2RR2K1
15,00053,00053,1r2r3/4nbkp/1np2pp1/p1N5/3NP3/1P3PPB/P6P/2RR2K1
15,00054,00054,1r2r1k1/4nb1p/1np2pp1/p1N5/3NP3/1P3PPB/P6P/2RR2K1
15,00055,00055,1r2r1k1/3Nnb1p/1np2pp1/p7/3NP3/1P3PPB/P6P/2RR2K1
15,00056,00056,1r2r1k1/3nnb1p/2p2pp1/p7/3NP3/1P3PPB/P6P/2RR2K1
15,00057,00057,1r2r1k1/3Bnb1p/2p2pp1/p7/3NP3/1P3PP1/P6P/2RR2K1
15,00058,00058,1r1r2k1/3Bnb1p/2p2pp1/p7/3NP3/1P3PP1/P6P/2RR2K1
15,00059,00059,1r1r2k1/3Bnb1p/2N2pp1/p7/4P3/1P3PP1/P6P/2RR2K1
15,00060,00060,1r1r2k1/3B1b1p/2n2pp1/p7/4P3/1P3PP1/P6P/2RR2K1
15,00061,00061,1r1r2k1/5b1p/2B2pp1/p7/4P3/1P3PP1/P6P/2RR2K1
15,00062,00062,1r1r4/5bkp/2B2pp1/p7/4P3/1P3PP1/P6P/2RR2K1
15,00063,00063,1r1r4/5bkp/2B2pp1/p7/4P3/1P3PP1/P4K1P/2RR4
15,00064,00064,1r6/5bkp/2B2pp1/p7/4P3/1P3PP1/P4K1P/2Rr4
15,00065,00065,1r6/5bkp/2B2pp1/p7/4P3/1P3PP1/P4K1P/3R4
15,00066,00066,2r5/5bkp/2B2pp1/p7/4P3/1P3PP1/P4K1P/3R4
15,00067,00067,2r5/5bkp/2BR1pp1/p7/4P3/1P3PP1/P4K1P/8
15,00068,00068,2r2k2/5b1p/2BR1pp1/p7/4P3/1P3PP1/P4K1P/8
15,00069,00069,2r2k2/5b1p/2B2Rp1/p7/4P3/1P3PP1/P4K1P/8
15,00070,00070,2r5/4kb1p/2B2Rp1/p7/4P3/1P3PP1/P4K1P/8
15,00071,00071,2r5/4kb1p/2B2Rp1/p3P3/8/1P3PP1/P4K1P/8
15,00072,00072,2r5/4k2p/2B1bRp1/p3P3/8/1P3PP1/P4K1P/8
15,00073,00073,2r5/4k2p/4bRp1/p3P3/4B3/1P3PP1/P4K1P/8
15,00074,00074,8/4k2p/4bRp1/p3P3/4B3/1P3PP1/P4K1P/2r5
15,00075,00075,8/4k2p/4bRp1/p3P3/4B2P/1P3PP1/P4K2/2r5
15,00076,00076,8/4k2p/4bRp1/p3P3/4B2P/1P3PP1/P4K2/r7
15,00077,00077,8/4k2p/4bRp1/p3P2P/4B3/1P3PP1/P4K2/r7
15,00078,00078,8/4k2p/4bRp1/p3P2P/4B3/1P3PP1/r4K2/8
15,00079,00079,8/4k2p/4bRp1/p3P2P/4B3/1P2KPP1/r7/8
15,00080,00080,8/4k2p/4bR2/p3P2p/4B3/1P2KPP1/r7/8
15,00081,00081,8/4k2p/4b2R/p3P2p/4B3/1P2KPP1/r7/8
15,00082,00082,8/4k2p/7R/p3P2p/4B3/1b2KPP1/r7/8
15,00083,00083,8/4k2R/8/p3P2p/4B3/1b2KPP1/r7/8
15,00084,00084,8/7R/4k3/p3P2p/4B3/1b2KPP1/r7/8
15,00085,00085,8/8/4k2R/p3P2p/4B3/1b2KPP1/r7/8
15,00086,00086,8/4k3/7R/p3P2p/4B3/1b2KPP1/r7/8
15,00087,00087,8/4k3/7R/p3PB1p/8/1b2KPP1/r7/8
15,00088,00088,8/4k3/7R/p3PB1p/8/1b2KPP1/8/r7
15,00089,00089,8/4k2R/8/p3PB1p/8/1b2KPP1/8/r7
15,00090,00090,5k2/7R/8/p3PB1p/8/1b2KPP1/8/r7
15,00091,00091,5k2/7R/8/p3PB1p/5K2/1b3PP1/8/r7
15,00092,00092,5k2/7R/8/p3PB1p/5K2/1b3PP1/8/5r2
15,00093,00093,5k2/R7/8/p3PB1p/5K2/1b3PP1/8/5r2
15,00094,00094,5k2/R7/8/4PB1p/p4K2/1b3PP1/8/5r2
15,00095,00095,5k2/R7/8/4P2p/p3BK2/1b3PP1/8/5r2
15,00096,00096,5k2/R7/8/4P2p/p3BK2/1b3PP1/8/6r1
15,00097,00097,5k2/R7/8/4P1Kp/p3B3/1b3PP1/8/6r1
15,00098,00098,5k2/R4b2/8/4P1Kp/p3B3/5PP1/8/6r1
15,00099,00099,5k2/R4b2/5K2/4P2p/p3B3/5PP1/8/6r1
15,00100,00100,4bk2/R7/5K2/4P2p/p3B3/5PP1/8/6r1
15,00101,00101,4bk2/R7/4PK2/7p/p3B3/5PP1/8/6r1
15,00102,00102,4bk2/R7/4PK2/7p/p3B3/5Pr1/8/8
15,00103,00103,4bk2/R3P3/5K2/7p/p3B3/5Pr1/8/8
16,00001,00001,rnbqkbnr/pppppppp/8/8/4P3/8/PPPP1PPP/RNBQKBNR
16,00002,00002,rnbqkbnr/ppp1pppp/3p4/8/4P3/8/PPPP1PPP/RNBQKBNR
16,00003,00003,rnbqkbnr/ppp1pppp/3p4/8/3PP3/8/PPP2PPP/RNBQKBNR
16,00004,00004,rnbqkb1r/ppp1pppp/3p1n2/8/3PP3/8/PPP2PPP/RNBQKBNR
16,00005,00005,rnbqkb1r/ppp1pppp/3p1n2/8/3PP3/2N5/PPP2PPP/R1BQKBNR
16,00006,00006,rnbqkb1r/pp2pppp/2pp1n2/8/3PP3/2N5/PPP2PPP/R1BQKBNR
16,00007,00007,rnbqkb1r/pp2pppp/2pp1n2/8/3PP3/2N2N2/PPP2PPP/R1BQKB1R
16,00008,00008,rn1qkb1r/pp2pppp/2pp1n2/8/3PP1b1/2N2N2/PPP2PPP/R1BQKB1R
16,00009,00009,rn1qkb1r/pp2pppp/2pp1n2/8/3PP1b1/2N2N2/PPP1BPPP/R1BQK2R
16,00010,00010,rn1qkb1r/pp3ppp/2pppn2/8/3PP1b1/2N2N2/PPP1BPPP/R1BQK2R
16,00011,00011,rn1qkb1r/pp3ppp/2pppn2/8/3PP1b1/2N2N2/PPP1BPPP/R1BQ1RK1
16,00012,00012,rn1qkb1r/pp3ppp/2p1pn2/3p4/3PP1b1/2N2N2/PPP1BPPP/R1BQ1RK1
16,00013,00013,rn1qkb1r/pp3ppp/2p1pn2/3p4/3PP1b1/2N2N1P/PPP1BPP1/R1BQ1RK1
16,00014,00014,rn1qkb1r/pp3ppp/2p1pn2/3p3b/3PP3/2N2N1P/PPP1BPP1/R1BQ1RK1
16,00015,00015,rn1qkb1r/pp3ppp/2p1pn2/3pP2b/3P4/2N2N1P/PPP1BPP1/R1BQ1RK1
16,00016,00016,rn1qkb1r/pp1n1ppp/2p1p3/3pP2b/3P4/2N2N1P/PPP1BPP1/R1BQ1RK1
16,00017,00017,rn1qkb1r/pp1n1ppp/2p1p3/3pP2b/3P4/2N1BN1P/PPP1BPP1/R2Q1RK1
16,00018,00018,rn1qkb1r/pp1n1ppp/4p3/2ppP2b/3P4/2N1BN1P/PPP1BPP1/R2Q1RK1
16,00019,00019,rn1qkb1r/pp1n1ppp/4p3/2ppP2b/3P2P1/2N1BN1P/PPP1BP2/R2Q1RK1
16,00020,00020,rn1qkb1r/pp1n1ppp/4p1b1/2ppP3/3P2P1/2N1BN1P/PPP1BP2/R2Q1RK1
16,00021,00021,rn1qkb1r/pp1n1ppp/4p1b1/2PpP3/6P1/2N1BN1P/PPP1BP2/R2Q1RK1
16,00022,00022,rn1qk2r/pp1n1ppp/4p1b1/2bpP3/6P1/2N1BN1P/PPP1BP2/R2Q1RK1
16,00023,00023,rn1qk2r/pp1n1ppp/4p1b1/2BpP3/6P1/2N2N1P/PPP1BP2/R2Q1RK1
16,00024,00024,rn1qk2r/pp3ppp/4p1b1/2npP3/6P1/2N2N1P/PPP1BP2/R2Q1RK1
16,00025,00025,rn1qk2r/pp3ppp/4p1b1/1NnpP3/6P1/5N1P/PPP1BP2/R2Q1RK1
16,00026,00026,rn1q1rk1/pp3ppp/4p1b1/1NnpP3/6P1/5N1P/PPP1BP2/R2Q1RK1
16,00027,00027,rn1q1rk1/pp3ppp/4p1b1/2npP3/3N2P1/5N1P/PPP1BP2/R2Q1RK1
16,00028,00028,r2q1rk1/pp3ppp/2n1p1b1/2npP3/3N2P1/5N1P/PPP1BP2/R2Q1RK1
16,00029,00029,r2q1rk1/pp3ppp/2n1p1b1/2npP3/3N2P1/2P2N1P/PP2BP2/R2Q1RK1
16,00030,00030,r2q1rk1/pp3ppp/2n1p3/2npP3/3Nb1P1/2P2N1P/PP2BP2/R2Q1RK1
16,00031,00031,r2q1rk1/pp3ppp/2n1p3/2npP3/3Nb1P1/2P2N1P/PP1QBP2/R4RK1
16,00032,00032,r2q1rk1/pp3ppp/2n1p3/2npP3/3N2P1/2P2b1P/PP1QBP2/R4RK1
16,00033,00033,r2q1rk1/pp3ppp/2n1p3/2npP3/6P1/2P2N1P/PP1QBP2/R4RK1
16,00034,00034,r2q1rk1/pp1n1ppp/2n1p3/3pP3/6P1/2P2N1P/PP1QBP2/R4RK1
16,00035,00035,r2q1rk1/pp1n1ppp/2n1p3/3pP3/2P3P1/5N1P/PP1QBP2/R4RK1
16,00036,00036,r2q1rk1/pp1n1ppp/2n1p3/4P3/2p3P1/5N1P/PP1QBP2/R4RK1
16,00037,00037,r2q1rk1/pp1n1ppp/2n1p3/4P3/2p2QP1/5N1P/PP2BP2/R4RK1
16,00038,00038,r4rk1/ppqn1ppp/2n1p3/4P3/2p2QP1/5N1P/PP2BP2/R4RK1
16,00039,00039,r4rk1/ppqn1ppp/2n1p3/4P3/2B2QP1/5N1P/PP3P2/R4RK1
16,00040,00040,r4rk1/ppq2ppp/2n1p3/4n3/2B2QP1/5N1P/PP3P2/R4RK1
16,00041,00041,r4rk1/ppq2ppp/2n1p3/4N3/2B2QP1/7P/PP3P2/R4RK1
16,00042,00042,r4rk1/pp3ppp/2n1p3/4q3/2B2QP1/7P/PP3P2/R4RK1
16,00043,00043,r4rk1/pp3ppp/2n1p3/4Q3/2B3P1/7P/PP3P2/R4RK1
16,00044,00044,r4rk1/pp3ppp/4p3/4n3/2B3P1/7P/PP3P2/R4RK1
16,00045,00045,r4rk1/pp3ppp/4p3/4n3/6P1/7P/PP2BP2/R4RK1
16,00046,00046,r2r2k1/pp3ppp/4p3/4n3/6P1/7P/PP2BP2/R4RK1
16,00047,00047,r2r2k1/pp3ppp/4p3/4n3/6P1/7P/PP2BP2/R2R2K1
16,00048,00048,r2r2k1/pp3p1p/4p3/4n1p1/6P1/7P/PP2BP2/R2R2K1
16,00049,00049,r2r2k1/pp3p1p/4p3/4n1p1/6PP/8/PP2BP2/R2R2K1
16,00050,00050,r2r2k1/pp3p2/4p2p/4n1p1/6PP/8/PP2BP2/R2R2K1
16,00051,00051,r2r2k1/pp3p2/4p2p/4n1P1/6P1/8/PP2BP2/R2R2K1
16,00052,00052,r2r2k1/pp3p2/4p3/4n1p1/6P1/8/PP2BP2/R2R2K1
16,00053,00053,r2r2k1/pp3p2/4p3/4n1p1/6P1/8/PP2BPK1/R2R4
16,00054,00054,r2r4/pp3pk1/4p3/4n1p1/6P1/8/PP2BPK1/R2R4
16,00055,00055,r2r4/pp3pk1/4p3/4n1p1/6P1/8/PP2BPK1/2RR4
16,00056,00056,2rr4/pp3pk1/4p3/4n1p1/6P1/8/PP2BPK1/2RR4
16,00057,00057,2rR4/pp3pk1/4p3/4n1p1/6P1/8/PP2BPK1/2R5
16,00058,00058,3R4/pp3pk1/4p3/4n1p1/6P1/8/PP2BPK1/2r5
16,00059,00059,3R4/pp3pk1/4p3/4n1p1/6P1/5B2/PP3PK1/2r5
16,00060,00060,3R4/pp3pk1/4p3/6p1/6P1/5n2/PP3PK1/2r5
16,00061,00061,3R4/pp3pk1/4p3/6p1/6P1/5K2/PP3P2/2r5
16,00062,00062,3R4/pp3pk1/4p3/6p1/6P1/5K2/PPr2P2/8
16,00063,00063,R7/pp3pk1/4p3/6p1/6P1/5K2/PPr2P2/8
16,00064,00064,R7/1p3pk1/p3p3/6p1/6P1/5K2/PPr2P2/8
16,00065,00065,R7/1p3pk1/p3p3/6p1/1P4P1/5K2/P1r2P2/8
16,00066,00066,R7/1p3pk1/p3p3/6p1/1P4P1/5K2/r4P2/8
16,00067,00067,R7/1p3pk1/p3p3/1P4p1/6P1/5K2/r4P2/8
16,00068,00068,R7/1p3pk1/p3p3/1P4p1/6P1/r4K2/5P2/8
16,00069,00069,R7/1p3pk1/p3p3/1P4p1/6P1/r7/4KP2/8
16,00070,00070,R7/1p3pk1/p3p3/1P4p1/r5P1/8/4KP2/8
16,00071,00071,R7/1p3pk1/P3p3/6p1/r5P1/8/4KP2/8
16,00072,00072,R7/1p3pk1/r3p3/6p1/6P1/8/4KP2/8
16,00073,00073,1R6/1p3pk1/r3p3/6p1/6P1/8/4KP2/8
16,00074,00074,1R6/1p3pk1/1r2p3/6p1/6P1/8/4KP2/8
16,00075,00075,1R6/1p3pk1/1r2p3/6p1/6P1/5K2/5P2/8
16,00076,00076,1R6/1p3p2/1r2pk2/6p1/6P1/5K2/5P2/8
16,00077,00077,6R1/1p3p2/1r2pk2/6p1/6P1/5K2/5P2/8
16,00078,00078,6R1/1p3p2/4pk2/6p1/6P1/1r3K2/5P2/8
16,00079,00079,6R1/1p3p2/4pk2/6p1/4K1P1/1r6/5P2/8
16,00080,00080,6R1/1p3p2/4pk2/6p1/1r2K1P1/8/5P2/8
16,00081,00081,6R1/1p3p2/4pk2/6p1/1r4P1/5K2/5P2/8
16,00082,00082,6R1/5p2/4pk2/1p4p1/1r4P1/5K2/5P2/8
16,00083,00083,6R1/5p2/4pk2/1p4p1/1r4P1/6K1/5P2/8
16,00084,00084,6R1/5p2/4pk2/1p4p1/5rP1/6K1/5P2/8
16,00085,00085,1R6/5p2/4pk2/1p4p1/5rP1/6K1/5P2/8
16,00086,00086,1R6/5p2/4pk2/6p1/1p3rP1/6K1/5P2/8
16,00087,00087,1R6/5p2/4pk2/6p1/1p3rP1/5PK1/8/8
16,00088,00088,1R6/5p2/5k2/4p1p1/1p3rP1/5PK1/8/8
16,00089,00089,4R3/5p2/5k2/4p1p1/1p3rP1/5PK1/8/8
16,00090,00090,4R3/5p2/5k2/4p1p1/1pr3P1/5PK1/8/8
16,00091,00091,1R6/5p2/5k2/4p1p1/1pr3P1/5PK1/8/8
16,00092,00092,1R6/5p2/5k2/6p1/1pr1p1P1/5PK1/8/8
16,00093,00093,8/5p2/1R3k2/6p1/1pr1p1P1/5PK1/8/8
16,00094,00094,8/5pk1/1R6/6p1/1pr1p1P1/5PK1/8/8
16,00095,00095,8/5pk1/1R6/6p1/1pr1pPP1/6K1/8/8
16,00096,00096,8/5pk1/1R6/6p1/1p2pPP1/2r3K1/8/8
16,00097,00097,8/5pk1/1R6/6p1/1p2pPP1/2r5/5K2/8
16,00098,00098,8/5pk1/1R6/6p1/1p2pPP1/5r2/5K2/8
16,00099,00099,8/5pk1/1R6/6p1/1p2pPP1/5r2/4K3/8
16,00100,00100,8/5pk1/1R6/6p1/1p2prP1/8/4K3/8
16,00101,00101,8/5pk1/8/6p1/1R2prP1/8/4K3/8
16,00102,00102,8/5pk1/8/6p1/1R2p1r1/8/4K3/8
16,00103,00103,8/5pk1/1R6/6p1/4p1r1/8/4K3/8
16,00104,00104,8/5pk1/1R6/6p1/4p3/6r1/4K3/8
16,00105,00105,8/5pk1/3R4/6p1/4p3/6r1/4K3/8
16,00106,00106,8/6k1/3R4/5pp1/4p3/6r1/4K3/8
16,00107,00107,8/6k1/2R5/5pp1/4p3/6r1/4K3/8
16,00108,00108,8/6k1/2R5/5pp1/4p3/r7/4K3/8
16,00109,00109,8/6k1/3R4/5pp1/4p3/r7/4K3/8
16,00110,00110,8/6k1/3R4/6p1/4pp2/r7/4K3/8
16,00111,00111,8/6k1/4R3/6p1/4pp2/r7/4K3/8
16,00112,00112,8/6k1/4R3/6p1/4pp2/8/r3K3/8
16,00113,00113,8/6k1/4R3/6p1/4pp2/8/r7/4K3
16,00114,00114,8/6k1/4R3/6p1/5p2/4p3/r7/4K3
17,00001,00001,rnbqkbnr/pppppppp/8/8/4P3/8/PPPP1PPP/RNBQKBNR
17,00002,00002,rnbqkbnr/ppp1pppp/3p4/8/4P3/8/PPPP1PPP/RNBQKBNR
17,00003,00003,rnbqkbnr/ppp1pppp/3p4/8/3PP3/8/PPP2PPP/RNBQKBNR
17,00004,00004,rnbqkb1r/ppp1pppp/3p1n2/8/3PP3/8/PPP2PPP/RNBQKBNR
17,00005,00005,rnbqkb1r/ppp1pppp/3p1n2/8/3PP3/2N5/PPP2PPP/R1BQKBNR
17,00006,00006,r1bqkb1r/pppnpppp/3p1n2/8/3PP3/2N5/PPP2PPP/R1BQKBNR
17,00007,00007,r1bqkb1r/pppnpppp/3p1n2/8/3PP3/2N2N2/PPP2PPP/R1BQKB1R
17,00008,00008,r1bqkb1r/pppn1ppp/3p1n2/4p3/3PP3/2N2N2/PPP2PPP/R1BQKB1R
17,00009,00009,r1bqkb1r/pppn1ppp/3p1n2/4p3/2BPP3/2N2N2/PPP2PPP/R1BQK2R
17,00010,00010,r1bqk2r/pppnbppp/3p1n2/4p3/2BPP3/2N2N2/PPP2PPP/R1BQK2R
17,00011,00011,r1bqk2r/pppnbppp/3p1n2/4p3/2BPP3/2N2N2/PPP2PPP/R1BQ1RK1
17,00012,00012,r1bq1rk1/pppnbppp/3p1n2/4p3/2BPP3/2N2N2/PPP2PPP/R1BQ1RK1
17,00013,00013,r1bq1rk1/pppnbppp/3p1n2/4p3/2BPP3/2N2N2/PPP2PPP/R1BQR1K1
17,00014,00014,r1bq1rk1/1ppnbppp/p2p1n2/4p3/2BPP3/2N2N2/PPP2PPP/R1BQR1K1
17,00015,00015,r1bq1rk1/1ppnbppp/p2p1n2/4p3/P1BPP3/2N2N2/1PP2PPP/R1BQR1K1
17,00016,00016,r1bq1rk1/2pnbppp/pp1p1n2/4p3/P1BPP3/2N2N2/1PP2PPP/R1BQR1K1
17,00017,00017,r1bq1rk1/2pnbppp/pp1p1n2/4p3/P1BPP3/1PN2N2/2P2PPP/R1BQR1K1
17,00018,00018,r2q1rk1/1bpnbppp/pp1p1n2/4p3/P1BPP3/1PN2N2/2P2PPP/R1BQR1K1
17,00019,00019,r2q1rk1/1bpnbppp/pp1p1n2/4p3/P1BPP3/1PN2N2/1BP2PPP/R2QR1K1
17,00020,00020,r2q1rk1/1b1nbppp/pppp1n2/4p3/P1BPP3/1PN2N2/1BP2PPP/R2QR1K1
17,00021,00021,r2q1rk1/1b1nbppp/pppp1n2/4p3/P2PP3/1PNB1N2/1BP2PPP/R2QR1K1
17,00022,00022,r2qr1k1/1b1nbppp/pppp1n2/4p3/P2PP3/1PNB1N2/1BP2PPP/R2QR1K1
17,00023,00023,r2qr1k1/1b1nbppp/pppp1n2/4p3/P2PP3/1P1B1N2/1BP1NPPP/R2QR1K1
17,00024,00024,r2qrbk1/1b1n1ppp/pppp1n2/4p3/P2PP3/1P1B1N2/1BP1NPPP/R2QR1K1
17,00025,00025,r2qrbk1/1b1n1ppp/pppp1n2/4p3/P2PP3/1P1B1NN1/1BP2PPP/R2QR1K1
17,00026,00026,r3rbk1/1bqn1ppp/pppp1n2/4p3/P2PP3/1P1B1NN1/1BP2PPP/R2QR1K1
17,00027,00027,r3rbk1/1bqn1ppp/pppp1n2/4p3/P1PPP3/1P1B1NN1/1B3PPP/R2QR1K1
17,00028,00028,r3rbk1/1bqn1ppp/pppp1n2/8/P1PpP3/1P1B1NN1/1B3PPP/R2QR1K1
17,00029,00029,r3rbk1/1bqn1ppp/pppp1n2/8/P1PNP3/1P1B2N1/1B3PPP/R2QR1K1
17,00030,00030,3rrbk1/1bqn1ppp/pppp1n2/8/P1PNP3/1P1B2N1/1B3PPP/R2QR1K1
17,00031,00031,3rrbk1/1bqn1ppp/pppp1n2/8/P1PNP3/1P1B2N1/1BQ2PPP/R3R1K1
17,00032,00032,3rrbk1/1bqn1p1p/pppp1np1/8/P1PNP3/1P1B2N1/1BQ2PPP/R3R1K1
17,00033,00033,3rrbk1/1bqn1p1p/pppp1np1/8/P1PNP3/1P1B2N1/1BQ2PPP/3RR1K1
17,00034,00034,3rrbk1/1bqn1p2/pppp1np1/7p/P1PNP3/1P1B2N1/1BQ2PPP/3RR1K1
17,00035,00035,3rrbk1/1bqn1p2/pppp1np1/5N1p/P1P1P3/1P1B2N1/1BQ2PPP/3RR1K1
17,00036,00036,3r1bk1/1bqn1p2/pppprnp1/5N1p/P1P1P3/1P1B2N1/1BQ2PPP/3RR1K1
17,00037,00037,3r1bk1/1bqn1p2/pppprnp1/5N1p/P1P1P3/1P1B2N1/1B3PPP/2QRR1K1
17,00038,00038,3r1b2/1bqn1p1k/pppprnp1/5N1p/P1P1P3/1P1B2N1/1B3PPP/2QRR1K1
17,00039,00039,3r1b2/1bqn1p1k/pppprnp1/5N1p/P1P1PQ2/1P1B2N1/1B3PPP/3RR1K1
17,00040,00040,4rb2/1bqn1p1k/pppprnp1/5N1p/P1P1PQ2/1P1B2N1/1B3PPP/3RR1K1
17,00041,00041,4rb2/1bqn1p1k/pppprnp1/5N1p/P1P1P2Q/1P1B2N1/1B3PPP/3RR1K1
17,00042,00042,3qrb2/1b1n1p1k/pppprnp1/5N1p/P1P1P2Q/1P1B2N1/1B3PPP/3RR1K1
17,00043,00043,3qrb2/1b1n1p1k/pppprnp1/7p/P1PNP2Q/1P1B2N1/1B3PPP/3RR1K1
17,00044,00044,3qrb2/1b1nrp1k/pppp1np1/7p/P1PNP2Q/1P1B2N1/1B3PPP/3RR1K1
17,00045,00045,3qrb2/1b1nrp1k/pppp1np1/7p/P1PNPP1Q/1P1B2N1/1B4PP/3RR1K1
17,00046,00046,3qrb2/1b1nrp1k/pp1p1np1/2p4p/P1PNPP1Q/1P1B2N1/1B4PP/3RR1K1
17,00047,00047,3qrb2/1b1nrp1k/pp1p1np1/2p2N1p/P1P1PP1Q/1P1B2N1/1B4PP/3RR1K1
17,00048,00048,3qrb2/1b1n1p1k/pp1prnp1/2p2N1p/P1P1PP1Q/1P1B2N1/1B4PP/3RR1K1
17,00049,00049,3qrb2/1b1n1p1k/pp1prnp1/2p2N1p/P1P1PP1Q/1P4N1/1BB3PP/3RR1K1
17,00050,00050,3qrbk1/1b1n1p2/pp1prnp1/2p2N1p/P1P1PP1Q/1P4N1/1BB3PP/3RR1K1
17,00051,00051,3qrbk1/1b1n1p2/pp1prnp1/2p1PN1p/P1P2P1Q/1P4N1/1BB3PP/3RR1K1
17,00052,00052,3qrbk1/1b1n1p2/pp2rnp1/2p1pN1p/P1P2P1Q/1P4N1/1BB3PP/3RR1K1
17,00053,00053,3qrbk1/1b1n1p2/pp2rnp1/2p1RN1p/P1P2P1Q/1P4N1/1BB3PP/3R2K1
17,00054,00054,3qrbk1/1b1n1p2/pp3np1/2p1rN1p/P1P2P1Q/1P4N1/1BB3PP/3R2K1
17,00055,00055,3qrbk1/1b1n1p2/pp3np1/2p1BN1p/P1P2P1Q/1P4N1/2B3PP/3R2K1
17,00056,00056,3qrbk1/3n1p2/ppb2np1/2p1BN1p/P1P2P1Q/1P4N1/2B3PP/3R2K1
17,00057,00057,3qrbk1/3n1p2/ppb2np1/2p1BNQp/P1P2P2/1P4N1/2B3PP/3R2K1
17,00058,00058,3qrb2/3n1p1k/ppb2np1/2p1BNQp/P1P2P2/1P4N1/2B3PP/3R2K1
17,00059,00059,3qrb2/3n1p1k/ppb2np1/2p1BNQN/P1P2P2/1P6/2B3PP/3R2K1
17,00060,00060,3qrb2/3n1p1k/ppb3p1/2p1BNQn/P1P2P2/1P6/2B3PP/3R2K1
17,00061,00061,3qrb2/3n1p1k/ppb3p1/2p1BN1Q/P1P2P2/1P6/2B3PP/3R2K1
17,00062,00062,3qrb2/3n1p1k/ppb5/2p1BN1p/P1P2P2/1P6/2B3PP/3R2K1
17,00063,00063,3qrb2/3nNp1k/ppb5/2p1B2p/P1P2P2/1P6/2B3PP/3R2K1
